input	output
tag: एतत् धर्मक्षेत्रे वदति ।	एतत्|PRON धर्मक्षेत्रे|NOUN वदति|VERB ।|SYM
tag: कापि भवति ।	कापि|PRON भवति|VERB ।|SYM
tag: मन्त्री समवेता आसीत् ।	मन्त्री|NOUN समवेता|ADJ आसीत्|VERB ।|SYM
tag: तस्मै अस्ति ।	तस्मै|PRON अस्ति|VERB ।|SYM
tag: वयम् पुस्तकम् भवति ।	वयम्|PRON पुस्तकम्|NOUN भवति|VERB ।|SYM
tag: युयुत्सवः अर्जुन श्रुत्वा ।	युयुत्सवः|ADJ अर्जुन|NOUN श्रुत्वा|VERB ।|SYM
tag: नरपुङ्गवः पाणिनिः व्याख्याति ।	नरपुङ्गवः|NOUN पाणिनिः|NOUN व्याख्याति|VERB ।|SYM
tag: आयुर्वेदः सर्वेषाम् शास्त्राणाम् श्रेष्ठः अस्ति । तत् च सर्वेषाम् रोगाणाम् नाशकः अस्ति । तस्य च ज्ञाने सर्वे स्वस्थाः भवन्ति । तस्य च अज्ञाने सर्वे रोगिणः भवन्ति ।	आयुर्वेदः|NOUN सर्वेषाम्|PRON शास्त्राणाम्|NOUN श्रेष्ठः|ADJ अस्ति|VERB ।|SYM तत्|PRON च|CONJ सर्वेषाम्|PRON रोगाणाम्|NOUN नाशकः|ADJ अस्ति|VERB ।|SYM तस्य|PRON च|CONJ ज्ञाने|NOUN सर्वे|PRON स्वस्थाः|ADJ भवन्ति|VERB ।|SYM तस्य|PRON च|CONJ अज्ञाने|NOUN सर्वे|PRON रोगिणः|ADJ भवन्ति|VERB ।|SYM
tag: शीघ्रम् महेशः दृश्यते ।	शीघ्रम्|ADV महेशः|NOUN दृश्यते|VERB ।|SYM
tag: राज्ञाम् च कविर्मुनिः शिक्षयति ।	राज्ञाम्|NOUN च|CONJ कविर्मुनिः|NOUN शिक्षयति|VERB ।|SYM
tag: सिंहनादम् रुचिकरः निवेदयति ।	सिंहनादम्|NOUN रुचिकरः|ADJ निवेदयति|VERB ।|SYM
tag: भीमाभिरक्षितम् कृष्णः उवाच ।	भीमाभिरक्षितम्|ADJ कृष्णः|NOUN उवाच|VERB ।|SYM
tag: किसानः निन्दति ।	किसानः|NOUN निन्दति|VERB ।|SYM
tag: का समीक्षते ।	का|PRON समीक्षते|VERB ।|SYM
tag: तया कावेरी नमस्कृत्य ।	तया|PRON कावेरी|NOUN नमस्कृत्य|VERB ।|SYM
tag: ततः कविर्मुनिः बोधयति ।	ततः|ADV कविर्मुनिः|NOUN बोधयति|VERB ।|SYM
tag: मनोहरः अयनेषु निन्दति ।	मनोहरः|ADJ अयनेषु|NOUN निन्दति|VERB ।|SYM
tag: तं कमरबन्दः समीक्षते ।	तं|PRON कमरबन्दः|NOUN समीक्षते|VERB ।|SYM
tag: द्रुपदः वाल्मीकिः प्रोक्तः ।	द्रुपदः|NOUN वाल्मीकिः|NOUN प्रोक्तः|VERB ।|SYM
tag: बुद्धिमान् सौभद्रः व्याख्याति ।	बुद्धिमान्|ADJ सौभद्रः|NOUN व्याख्याति|VERB ।|SYM
tag: पाण्डवाश्च च वेदः प्रहरति ।	पाण्डवाश्च|NOUN च|CONJ वेदः|NOUN प्रहरति|VERB ।|SYM
tag: तत्तत् मातृ अवलोकयति ।	तत्तत्|PRON मातृ|NOUN अवलोकयति|VERB ।|SYM
tag: धृतराष्ट्र उवाच । धर्मक्षेत्रे कुरुक्षेत्रे समवेता युयुत्सवः । मामकाः पाण्डवाश्च एव किम् कुर्वत सञ्जय ।	धृतराष्ट्र|NOUN उवाच|VERB ।|SYM धर्मक्षेत्रे|NOUN कुरुक्षेत्रे|NOUN समवेता|ADJ युयुत्सवः|ADJ ।|SYM मामकाः|ADJ पाण्डवाश्च|NOUN एव|PART किम्|PRON कुर्वत|VERB सञ्जय|NOUN ।|SYM
tag: कृष्णा सत्त्वम् श्रुत्वा ।	कृष्णा|NOUN सत्त्वम्|NOUN श्रुत्वा|VERB ।|SYM
tag: एकम् च वाजश्रवाः शिक्षते ।	एकम्|NOUN च|CONJ वाजश्रवाः|NOUN शिक्षते|VERB ।|SYM
tag: कुत्र कार्यालयः खेलामः ।	कुत्र|ADV कार्यालयः|NOUN खेलामः|VERB ।|SYM
tag: अत्र शूराः महेष्वासाः भीमार्जुनसमाः युधि । युयुधानः विराटः च द्रुपदः च महारथः ॥	अत्र|ADV शूराः|NOUN महेष्वासाः|ADJ भीमार्जुनसमाः|ADJ युधि|NOUN ।|SYM युयुधानः|NOUN विराटः|NOUN च|CONJ द्रुपदः|NOUN च|CONJ महारथः|NOUN ॥|SYM
tag: यत् बोधयति ।	यत्|PRON बोधयति|VERB ।|SYM
tag: पितरौ च जलम् पिबति ।	पितरौ|NOUN च|CONJ जलम्|NOUN पिबति|VERB ।|SYM
tag: प्रतापवान् पर्वतः चिन्तयति ।	प्रतापवान्|ADJ पर्वतः|NOUN चिन्तयति|VERB ।|SYM
tag: विराटः कनिष्ठः शिक्षयति ।	विराटः|NOUN कनिष्ठः|ADJ शिक्षयति|VERB ।|SYM
tag: व्यासं चपलः मन्यते ।	व्यासं|NOUN चपलः|ADJ मन्यते|VERB ।|SYM
tag: आम् हर्षम् निगच्छति ।	आम्|ADV हर्षम्|NOUN निगच्छति|VERB ।|SYM
tag: पिता पिबति ।	पिता|NOUN पिबति|VERB ।|SYM
tag: का विमृशति ।	का|PRON विमृशति|VERB ।|SYM
tag: मामकाः नारायणं रक्ष्यते ।	मामकाः|ADJ नारायणं|NOUN रक्ष्यते|VERB ।|SYM
tag: त्वम् रक्षकाः आसीत् ।	त्वम्|PRON रक्षकाः|NOUN आसीत्|VERB ।|SYM
tag: पाण्डवाश्च संगच्छति ।	पाण्डवाश्च|NOUN संगच्छति|VERB ।|SYM
tag: अन्ततः रामः अब्रवीत् ।	अन्ततः|ADV रामः|NOUN अब्रवीत्|VERB ।|SYM
tag: यत्र वेदः प्रादुरासीत् ।	यत्र|ADV वेदः|NOUN प्रादुरासीत्|VERB ।|SYM
tag: या मातृ भवतु ।	या|PRON मातृ|NOUN भवतु|VERB ।|SYM
tag: अधीरः द्वारम् शृणोति ।	अधीरः|ADJ द्वारम्|NOUN शृणोति|VERB ।|SYM
tag: देवः पुरुजित् अभिरक्षन्तु ।	देवः|NOUN पुरुजित्|NOUN अभिरक्षन्तु|VERB ।|SYM
tag: कर्णः कपिशः चिन्तयति ।	कर्णः|NOUN कपिशः|NOUN चिन्तयति|VERB ।|SYM
tag: कस्मिंश्चित् ऋतुः ब्रवीमि ।	कस्मिंश्चित्|PRON ऋतुः|NOUN ब्रवीमि|VERB ।|SYM
tag: सञ्जय च पितरौ अभिरक्षन्तु ।	सञ्जय|NOUN च|CONJ पितरौ|NOUN अभिरक्षन्तु|VERB ।|SYM
tag: युयुधानः अप्रशस्तः दृश्यते ।	युयुधानः|NOUN अप्रशस्तः|ADJ दृश्यते|VERB ।|SYM
tag: यूयम् पिता आसीत् ।	यूयम्|PRON पिता|NOUN आसीत्|VERB ।|SYM
tag: समानः वाल्मीकिः शिक्षते ।	समानः|ADJ वाल्मीकिः|NOUN शिक्षते|VERB ।|SYM
tag: एते मन्यते ।	एते|PRON मन्यते|VERB ।|SYM
tag: तव जल्पति ।	तव|PRON जल्पति|VERB ।|SYM
tag: कालः संगच्छति ।	कालः|NOUN संगच्छति|VERB ।|SYM
tag: कार्यं च कन्याकुब्जा पश्यति ।	कार्यं|NOUN च|CONJ कन्याकुब्जा|NOUN पश्यति|VERB ।|SYM
tag: तं मन्यते ।	तं|PRON मन्यते|VERB ।|SYM
tag: नायकाः च द्रुपदपुत्रेण निरीक्षते ।	नायकाः|NOUN च|CONJ द्रुपदपुत्रेण|NOUN निरीक्षते|VERB ।|SYM
tag: पाणिनिः भाषते ।	पाणिनिः|NOUN भाषते|VERB ।|SYM
tag: सीता फलम् ददति ।	सीता|NOUN फलम्|NOUN ददति|VERB ।|SYM
tag: मधुरः वचनम् बुभूषति ।	मधुरः|ADJ वचनम्|NOUN बुभूषति|VERB ।|SYM
tag: कार्यं स्वादुः दध्मौ ।	कार्यं|NOUN स्वादुः|ADJ दध्मौ|VERB ।|SYM
tag: तानि देवाः ददति ।	तानि|PRON देवाः|NOUN ददति|VERB ।|SYM
tag: यत् पितामहः गच्छति ।	यत्|PRON पितामहः|NOUN गच्छति|VERB ।|SYM
tag: कुरुवृद्धः चपलः ताडयति ।	कुरुवृद्धः|NOUN चपलः|ADJ ताडयति|VERB ।|SYM
tag: मातृ अयनेषु द्वेष्टि ।	मातृ|NOUN अयनेषु|NOUN द्वेष्टि|VERB ।|SYM
tag: रामः कृशः जानाति ।	रामः|NOUN कृशः|ADJ जानाति|VERB ।|SYM
tag: सीता शास्त्रम् भवति ।	सीता|NOUN शास्त्रम्|NOUN भवति|VERB ।|SYM
tag: एते भूमिः शृणोति ।	एते|PRON भूमिः|NOUN शृणोति|VERB ।|SYM
tag: सञ्जय द्वारम् संभवति ।	सञ्जय|NOUN द्वारम्|NOUN संभवति|VERB ।|SYM
tag: उच्चैः अन्यायः आगच्छति ।	उच्चैः|ADV अन्यायः|NOUN आगच्छति|VERB ।|SYM
tag: द्वारम् प्रकाशयति ।	द्वारम्|NOUN प्रकाशयति|VERB ।|SYM
tag: व्यूढाम् अर्थः बोधयति ।	व्यूढाम्|ADJ अर्थः|NOUN बोधयति|VERB ।|SYM
tag: हृदयम् च सभा घोषयति ।	हृदयम्|NOUN च|CONJ सभा|NOUN घोषयति|VERB ।|SYM
tag: भगवान् स्थापयति ।	भगवान्|NOUN स्थापयति|VERB ।|SYM
tag: एषः शङ्खम् विनद्य ।	एषः|PRON शङ्खम्|NOUN विनद्य|VERB ।|SYM
tag: धृतराष्ट्र फलम् ब्रवीमि ।	धृतराष्ट्र|NOUN फलम्|NOUN ब्रवीमि|VERB ।|SYM
tag: कविर्मुनिः उवाच ।	कविर्मुनिः|NOUN उवाच|VERB ।|SYM
tag: यानि सुतं जानाति ।	यानि|PRON सुतं|NOUN जानाति|VERB ।|SYM
tag: चन्द्रः जल्पति ।	चन्द्रः|NOUN जल्पति|VERB ।|SYM
tag: एते सैन्यस्य भुङ्क्ते ।	एते|PRON सैन्यस्य|NOUN भुङ्क्ते|VERB ।|SYM
tag: सौभद्रः द्रौपदेयाः च सर्वे एव महारथाः ॥	सौभद्रः|NOUN द्रौपदेयाः|NOUN च|CONJ सर्वे|PRON एव|PART महारथाः|NOUN ॥|SYM
tag: माता कृष्णः कामयते ।	माता|NOUN कृष्णः|NOUN कामयते|VERB ।|SYM
tag: चन्द्रः निबोध ।	चन्द्रः|NOUN निबोध|VERB ।|SYM
tag: प्रशस्तः नाम कथयति ।	प्रशस्तः|ADJ नाम|NOUN कथयति|VERB ।|SYM
tag: भीमार्जुनसमाः हृदयम् संभवति ।	भीमार्जुनसमाः|ADJ हृदयम्|NOUN संभवति|VERB ।|SYM
tag: कमरबन्दः मातृ रक्ष्यते ।	कमरबन्दः|NOUN मातृ|NOUN रक्ष्यते|VERB ।|SYM
tag: नगरम् नाम दिदृक्षते ।	नगरम्|NOUN नाम|NOUN दिदृक्षते|VERB ।|SYM
tag: ब्रह्मन् काशी भुङ्क्ते ।	ब्रह्मन्|NOUN काशी|NOUN भुङ्क्ते|VERB ।|SYM
tag: तदा गंगा करोति ।	तदा|ADV गंगा|NOUN करोति|VERB ।|SYM
tag: वेतालः रक्ष्यते ।	वेतालः|NOUN रक्ष्यते|VERB ।|SYM
tag: एतस्य करोति ।	एतस्य|PRON करोति|VERB ।|SYM
tag: सः दिदृक्षते ।	सः|PRON दिदृक्षते|VERB ।|SYM
tag: यावत् वाजश्रवसः दर्शयति ।	यावत्|ADV वाजश्रवसः|NOUN दर्शयति|VERB ।|SYM
tag: मध्यमः आपत्सु गायति ।	मध्यमः|ADJ आपत्सु|NOUN गायति|VERB ।|SYM
tag: एकम् नमस्कृत्य ।	एकम्|NOUN नमस्कृत्य|VERB ।|SYM
tag: राज्यम् भुङ्क्ते ।	राज्यम्|NOUN भुङ्क्ते|VERB ।|SYM
tag: नरः समीक्षते ।	नरः|NOUN समीक्षते|VERB ।|SYM
tag: शीघ्रम् अश्वः कुर्वत ।	शीघ्रम्|ADV अश्वः|NOUN कुर्वत|VERB ।|SYM
tag: राज्यम् जानाति ।	राज्यम्|NOUN जानाति|VERB ।|SYM
tag: भीष्मम् कालः अभ्यहन्यन्त ।	भीष्मम्|NOUN कालः|NOUN अभ्यहन्यन्त|VERB ।|SYM
tag: कः पिता पश्यति ।	कः|PRON पिता|NOUN पश्यति|VERB ।|SYM
tag: रक्षायाम् द्वेष्टि ।	रक्षायाम्|NOUN द्वेष्टि|VERB ।|SYM
tag: व्यापारिणाम् दरिद्रः विचारयति ।	व्यापारिणाम्|NOUN दरिद्रः|ADJ विचारयति|VERB ।|SYM
tag: अस्थि शृणोति ।	अस्थि|NOUN शृणोति|VERB ।|SYM
tag: भगवान् दिदृक्षते ।	भगवान्|NOUN दिदृक्षते|VERB ।|SYM
tag: सदा जीवानाम् श्रावयामास ।	सदा|ADV जीवानाम्|NOUN श्रावयामास|VERB ।|SYM
tag: जलम् अयनेषु खेलामः ।	जलम्|NOUN अयनेषु|NOUN खेलामः|VERB ।|SYM
tag: हर्षम् अशक्तः मारयति ।	हर्षम्|NOUN अशक्तः|ADJ मारयति|VERB ।|SYM
tag: असौ ब्रवीमि ।	असौ|PRON ब्रवीमि|VERB ।|SYM
tag: धनवान् अर्जुनः कामयते ।	धनवान्|ADJ अर्जुनः|NOUN कामयते|VERB ।|SYM
tag: चन्द्रः लघुः चिन्तयति ।	चन्द्रः|NOUN लघुः|ADJ चिन्तयति|VERB ।|SYM
tag: कोऽपि शिक्षते ।	कोऽपि|PRON शिक्षते|VERB ।|SYM
tag: चन्द्रः शैब्यः निरीक्षते ।	चन्द्रः|NOUN शैब्यः|NOUN निरीक्षते|VERB ।|SYM
tag: नगरम् च आचार्यम् नमस्कृत्य ।	नगरम्|NOUN च|CONJ आचार्यम्|NOUN नमस्कृत्य|VERB ।|SYM
tag: कार्यान्तरे आनन्दः विनद्य ।	कार्यान्तरे|NOUN आनन्दः|NOUN विनद्य|VERB ।|SYM
tag: यवत्वे हि उच्चयोः यत्र इवर्णः उकारयोः अपि ।	यवत्वे|NOUN हि|PART उच्चयोः|NOUN यत्र|ADV इवर्णः|NOUN उकारयोः|NOUN अपि|PART ।|SYM
tag: मधुरः पितुः सन्ति ।	मधुरः|ADJ पितुः|NOUN सन्ति|VERB ।|SYM
tag: तत्र रामः आगच्छति ।	तत्र|ADV रामः|NOUN आगच्छति|VERB ।|SYM
tag: स्थूलः सिंहः पिबति ।	स्थूलः|ADJ सिंहः|NOUN पिबति|VERB ।|SYM
tag: तदा यज्ञः विचारयति ।	तदा|ADV यज्ञः|NOUN विचारयति|VERB ।|SYM
tag: कृष्णा च काशी मन्यते ।	कृष्णा|NOUN च|CONJ काशी|NOUN मन्यते|VERB ।|SYM
tag: आकाशः प्रहरति ।	आकाशः|NOUN प्रहरति|VERB ।|SYM
tag: शिक्षायाम् ब्रवीमि ।	शिक्षायाम्|NOUN ब्रवीमि|VERB ।|SYM
tag: कठोरः पुरुजित् सूचयति ।	कठोरः|ADJ पुरुजित्|NOUN सूचयति|VERB ।|SYM
tag: कविर्मुनिः शब्दः व्याख्याति ।	कविर्मुनिः|NOUN शब्दः|NOUN व्याख्याति|VERB ।|SYM
tag: आचार्यम् ऋषिकेशः स्थापयति ।	आचार्यम्|NOUN ऋषिकेशः|NOUN स्थापयति|VERB ।|SYM
tag: महान् अग्निः करोति ।	महान्|ADJ अग्निः|NOUN करोति|VERB ।|SYM
tag: शिष्यः च अशोकः कुर्वत ।	शिष्यः|NOUN च|CONJ अशोकः|NOUN कुर्वत|VERB ।|SYM
tag: अशक्तः सिंहनादम् भवति ।	अशक्तः|ADJ सिंहनादम्|NOUN भवति|VERB ।|SYM
tag: कमः ज्ञानम् कथयति ।	कमः|ADJ ज्ञानम्|NOUN कथयति|VERB ।|SYM
tag: वचनम् मूल्यवान् संभवति ।	वचनम्|NOUN मूल्यवान्|ADJ संभवति|VERB ।|SYM
tag: वृक्षः अवस्थिताः गच्छति ।	वृक्षः|NOUN अवस्थिताः|ADJ गच्छति|VERB ।|SYM
tag: तस्य समीक्षते ।	तस्य|PRON समीक्षते|VERB ।|SYM
tag: भीष्मम् धनवान् ददति ।	भीष्मम्|NOUN धनवान्|ADJ ददति|VERB ।|SYM
tag: मम दृश्यते ।	मम|PRON दृश्यते|VERB ।|SYM
tag: शास्त्राणाम् कुर्ता युध्यति ।	शास्त्राणाम्|NOUN कुर्ता|NOUN युध्यति|VERB ।|SYM
tag: पुरुजित् कुन्तिभोजः च शैब्यः च नरपुङ्गवः । युधामन्युः च विक्रान्तः उत्तमौजाः च वीर्यवान् ॥	पुरुजित्|NOUN कुन्तिभोजः|NOUN च|CONJ शैब्यः|NOUN च|CONJ नरपुङ्गवः|NOUN ।|SYM युधामन्युः|NOUN च|CONJ विक्रान्तः|ADJ उत्तमौजाः|NOUN च|CONJ वीर्यवान्|ADJ ॥|SYM
tag: पुस्तकम् सत्त्वम् व्याख्याति ।	पुस्तकम्|NOUN सत्त्वम्|NOUN व्याख्याति|VERB ।|SYM
tag: अन्यायः संभवति ।	अन्यायः|NOUN संभवति|VERB ।|SYM
tag: यथाभागम् किसानः बुभूषति ।	यथाभागम्|ADV किसानः|NOUN बुभूषति|VERB ।|SYM
tag: माता च सुतं भाषते ।	माता|NOUN च|CONJ सुतं|NOUN भाषते|VERB ।|SYM
tag: त्वया नमस्कृत्य ।	त्वया|PRON नमस्कृत्य|VERB ।|SYM
tag: अधीरः शङ्खाः आगच्छति ।	अधीरः|ADJ शङ्खाः|NOUN आगच्छति|VERB ।|SYM
tag: मन्त्री भगवान् दृश्यते ।	मन्त्री|NOUN भगवान्|NOUN दृश्यते|VERB ।|SYM
tag: धृतराष्ट्र मित्रम् आगच्छति ।	धृतराष्ट्र|NOUN मित्रम्|NOUN आगच्छति|VERB ।|SYM
tag: युधि त्रयः द्वेष्टि ।	युधि|NOUN त्रयः|ADJ द्वेष्टि|VERB ।|SYM
tag: तथैव महेशः खादति ।	तथैव|ADV महेशः|NOUN खादति|VERB ।|SYM
tag: पाण्डवाश्च च यज्ञः आगच्छति ।	पाण्डवाश्च|NOUN च|CONJ यज्ञः|NOUN आगच्छति|VERB ।|SYM
tag: माता अरावली भविष्यति ।	माता|NOUN अरावली|NOUN भविष्यति|VERB ।|SYM
tag: पाण्डुपुत्राणाम् च अर्थः दिदृक्षते ।	पाण्डुपुत्राणाम्|NOUN च|CONJ अर्थः|NOUN दिदृक्षते|VERB ।|SYM
tag: इदम् युयुधानः उपदिशति ।	इदम्|PRON युयुधानः|NOUN उपदिशति|VERB ।|SYM
tag: सीता शक्नोति ।	सीता|NOUN शक्नोति|VERB ।|SYM
tag: मम शिक्षते ।	मम|PRON शिक्षते|VERB ।|SYM
tag: स्त्री यज्ञः अभिरक्षन्तु ।	स्त्री|NOUN यज्ञः|NOUN अभिरक्षन्तु|VERB ।|SYM
tag: मन्दम् हनुमान् निगच्छति ।	मन्दम्|ADV हनुमान्|NOUN निगच्छति|VERB ।|SYM
tag: स्त्री अन्यायः निगच्छति ।	स्त्री|NOUN अन्यायः|NOUN निगच्छति|VERB ।|SYM
tag: सर्वे भुङ्क्ते ।	सर्वे|PRON भुङ्क्ते|VERB ।|SYM
tag: कमरबन्दः विमृशति ।	कमरबन्दः|NOUN विमृशति|VERB ।|SYM
tag: चन्द्रः ऋषीणाम् अवलोकयति ।	चन्द्रः|NOUN ऋषीणाम्|NOUN अवलोकयति|VERB ।|SYM
tag: यथा महेशः गायति ।	यथा|ADV महेशः|NOUN गायति|VERB ।|SYM
tag: नानाशस्त्रप्रहरणाः विक्रमादित्यः श्रुत्वा ।	नानाशस्त्रप्रहरणाः|ADJ विक्रमादित्यः|NOUN श्रुत्वा|VERB ।|SYM
tag: कः इन्जिनियरः कुर्वत ।	कः|PRON इन्जिनियरः|NOUN कुर्वत|VERB ।|SYM
tag: कुरुवृद्धः मन्दः चिन्तयति ।	कुरुवृद्धः|NOUN मन्दः|ADJ चिन्तयति|VERB ।|SYM
tag: तेन शृणोति ।	तेन|PRON शृणोति|VERB ।|SYM
tag: भीमाभिरक्षितम् कर्म ब्रवीमि ।	भीमाभिरक्षितम्|ADJ कर्म|NOUN ब्रवीमि|VERB ।|SYM
tag: व्यापारिणाम् व्यासं बभूव ।	व्यापारिणाम्|NOUN व्यासं|NOUN बभूव|VERB ।|SYM
tag: यथाभागम् शङ्खम् दर्शयति ।	यथाभागम्|ADV शङ्खम्|NOUN दर्शयति|VERB ।|SYM
tag: भवान् श्रेयः अस्ति ।	भवान्|PRON श्रेयः|NOUN अस्ति|VERB ।|SYM
tag: पराक्रमी ऋतुः शिक्षयति ।	पराक्रमी|ADJ ऋतुः|NOUN शिक्षयति|VERB ।|SYM
tag: धृतराष्ट्र च विक्रमादित्यः कथयति ।	धृतराष्ट्र|NOUN च|CONJ विक्रमादित्यः|NOUN कथयति|VERB ।|SYM
tag: देवाः सभा घोषयति ।	देवाः|NOUN सभा|NOUN घोषयति|VERB ।|SYM
tag: विराटः निबोध ।	विराटः|NOUN निबोध|VERB ।|SYM
tag: कर्म कुरूपः अभ्यहन्यन्त ।	कर्म|NOUN कुरूपः|ADJ अभ्यहन्यन्त|VERB ।|SYM
tag: चपलः राज्ञाम् विनद्य ।	चपलः|ADJ राज्ञाम्|NOUN विनद्य|VERB ।|SYM
tag: यूयम् अभिरक्षन्तु ।	यूयम्|PRON अभिरक्षन्तु|VERB ।|SYM
tag: वेदः बभूव ।	वेदः|NOUN बभूव|VERB ।|SYM
tag: ततः रक्षकाः रक्ष्यते ।	ततः|ADV रक्षकाः|NOUN रक्ष्यते|VERB ।|SYM
tag: मुनिः शृणोति ।	मुनिः|NOUN शृणोति|VERB ।|SYM
tag: इन्जिनियरः ददति ।	इन्जिनियरः|NOUN ददति|VERB ।|SYM
tag: शुकं कुरुक्षेत्रे आसीत् ।	शुकं|NOUN कुरुक्षेत्रे|NOUN आसीत्|VERB ।|SYM
tag: अहम् ददति ।	अहम्|PRON ददति|VERB ।|SYM
tag: भीष्माभिरक्षितम् आनन्दः सन्ति ।	भीष्माभिरक्षितम्|ADJ आनन्दः|NOUN सन्ति|VERB ।|SYM
tag: धर्मः वसति ।	धर्मः|NOUN वसति|VERB ।|SYM
tag: पणवानकगोमुखाः कुरुक्षेत्रे आसीत् ।	पणवानकगोमुखाः|NOUN कुरुक्षेत्रे|NOUN आसीत्|VERB ।|SYM
tag: ज्येष्ठः शृगालः समीक्षते ।	ज्येष्ठः|ADJ शृगालः|NOUN समीक्षते|VERB ।|SYM
tag: महेशः खेलामः ।	महेशः|NOUN खेलामः|VERB ।|SYM
tag: वाजश्रवसः महेशः गायति ।	वाजश्रवसः|NOUN महेशः|NOUN गायति|VERB ।|SYM
tag: लोकः च औषधम् खादति ।	लोकः|NOUN च|CONJ औषधम्|NOUN खादति|VERB ।|SYM
tag: उपदेशः स्मरति ।	उपदेशः|NOUN स्मरति|VERB ।|SYM
tag: कृशः पुत्रः चिन्तयति ।	कृशः|ADJ पुत्रः|NOUN चिन्तयति|VERB ।|SYM
tag: कुत्र आशा जल्पति ।	कुत्र|ADV आशा|NOUN जल्पति|VERB ।|SYM
tag: वयम् चिन्तयति ।	वयम्|PRON चिन्तयति|VERB ।|SYM
tag: सूर्यः च धर्मः अस्ति ।	सूर्यः|NOUN च|CONJ धर्मः|NOUN अस्ति|VERB ।|SYM
tag: अस्माकम् अस्ति ।	अस्माकम्|PRON अस्ति|VERB ।|SYM
tag: एतस्य श्रुत्वा ।	एतस्य|PRON श्रुत्वा|VERB ।|SYM
tag: सीता शृणोति ।	सीता|NOUN शृणोति|VERB ।|SYM
tag: तस्य सञ्जनयन् हर्षम् कुरुवृद्धः पितामहः । सिंहनादम् विनद्य उच्चैः शङ्खम् दध्मौ प्रतापवान् ॥	तस्य|PRON सञ्जनयन्|PART हर्षम्|NOUN कुरुवृद्धः|NOUN पितामहः|NOUN ।|SYM सिंहनादम्|NOUN विनद्य|VERB उच्चैः|ADV शङ्खम्|NOUN दध्मौ|VERB प्रतापवान्|ADJ ॥|SYM
tag: सर्वेषाम् अस्ति ।	सर्वेषाम्|PRON अस्ति|VERB ।|SYM
tag: हनुमान् ज्ञानम् उवाच ।	हनुमान्|NOUN ज्ञानम्|NOUN उवाच|VERB ।|SYM
tag: कः शृणोति ।	कः|PRON शृणोति|VERB ।|SYM
tag: मूल्यवान् पुरुजित् जगाद ।	मूल्यवान्|ADJ पुरुजित्|NOUN जगाद|VERB ।|SYM
tag: असौ भीष्मम् मन्यते ।	असौ|PRON भीष्मम्|NOUN मन्यते|VERB ।|SYM
tag: एताः ब्रवीमि ।	एताः|PRON ब्रवीमि|VERB ।|SYM
tag: सुतं अब्रवीत् ।	सुतं|NOUN अब्रवीत्|VERB ।|SYM
tag: जीवानाम् भाषते ।	जीवानाम्|NOUN भाषते|VERB ।|SYM
tag: पश्य एताम् पाण्डुपुत्राणाम् आचार्य महतीम् चमूम् । व्यूढाम् द्रुपदपुत्रेण तव शिष्येण धीमता ॥	पश्य|VERB एताम्|PRON पाण्डुपुत्राणाम्|NOUN आचार्य|NOUN महतीम्|ADJ चमूम्|NOUN ।|SYM व्यूढाम्|ADJ द्रुपदपुत्रेण|NOUN तव|PRON शिष्येण|NOUN धीमता|ADJ ॥|SYM
tag: अस्माकम् हृदयम् निगच्छति ।	अस्माकम्|PRON हृदयम्|NOUN निगच्छति|VERB ।|SYM
tag: यूयम् पर्वतः अभ्यहन्यन्त ।	यूयम्|PRON पर्वतः|NOUN अभ्यहन्यन्त|VERB ।|SYM
tag: कुशलः देवः पठति ।	कुशलः|ADJ देवः|NOUN पठति|VERB ।|SYM
tag: तेन दध्मौ ।	तेन|PRON दध्मौ|VERB ।|SYM
tag: तस्याः ऋषीणाम् निगच्छति ।	तस्याः|PRON ऋषीणाम्|NOUN निगच्छति|VERB ।|SYM
tag: भेर्यः महेष्वासाः कामयते ।	भेर्यः|NOUN महेष्वासाः|ADJ कामयते|VERB ।|SYM
tag: वाक्यम् राजा रक्ष्यते ।	वाक्यम्|NOUN राजा|NOUN रक्ष्यते|VERB ।|SYM
tag: कर्णः अधमः जानाति ।	कर्णः|NOUN अधमः|ADJ जानाति|VERB ।|SYM
tag: भगवान् मुनिः नमस्कृत्य ।	भगवान्|NOUN मुनिः|NOUN नमस्कृत्य|VERB ।|SYM
tag: धीमता मातृ अवलोकयति ।	धीमता|ADJ मातृ|NOUN अवलोकयति|VERB ।|SYM
tag: द्रुपदपुत्रेण च मनुष्यः युध्यति ।	द्रुपदपुत्रेण|NOUN च|CONJ मनुष्यः|NOUN युध्यति|VERB ।|SYM
tag: वनम् पुरुजित् विचारयति ।	वनम्|NOUN पुरुजित्|NOUN विचारयति|VERB ।|SYM
tag: पुस्तकम् रामः जल्पति ।	पुस्तकम्|NOUN रामः|NOUN जल्पति|VERB ।|SYM
tag: तस्याः ब्रवीमि ।	तस्याः|PRON ब्रवीमि|VERB ।|SYM
tag: नहि मन्त्री अब्रवीत् ।	नहि|ADV मन्त्री|NOUN अब्रवीत्|VERB ।|SYM
tag: मया विचारयति ।	मया|PRON विचारयति|VERB ।|SYM
tag: अशोकः अश्वः बोधयति ।	अशोकः|NOUN अश्वः|NOUN बोधयति|VERB ।|SYM
tag: अत्यन्तम् अर्थः दृश्यते ।	अत्यन्तम्|ADV अर्थः|NOUN दृश्यते|VERB ।|SYM
tag: नाट्यम् सर्वेषाम् कलानाम् श्रेष्ठम् अस्ति । तत् च सर्वेषाम् शास्त्राणाम् मूलम् अस्ति । तस्य च ज्ञाने सर्वे कलावन्तः भवन्ति । तस्य च अज्ञाने सर्वे अकलावन्तः भवन्ति ।	नाट्यम्|NOUN सर्वेषाम्|PRON कलानाम्|NOUN श्रेष्ठम्|ADJ अस्ति|VERB ।|SYM तत्|PRON च|CONJ सर्वेषाम्|PRON शास्त्राणाम्|NOUN मूलम्|NOUN अस्ति|VERB ।|SYM तस्य|PRON च|CONJ ज्ञाने|NOUN सर्वे|PRON कलावन्तः|ADJ भवन्ति|VERB ।|SYM तस्य|PRON च|CONJ अज्ञाने|NOUN सर्वे|PRON अकलावन्तः|ADJ भवन्ति|VERB ।|SYM
tag: शृगालः च अन्नम् निरीक्षते ।	शृगालः|NOUN च|CONJ अन्नम्|NOUN निरीक्षते|VERB ।|SYM
tag: पाणिनिः गंगा ताडयति ।	पाणिनिः|NOUN गंगा|NOUN ताडयति|VERB ।|SYM
tag: अन्नम् सेवायाम् युध्यति ।	अन्नम्|NOUN सेवायाम्|NOUN युध्यति|VERB ।|SYM
tag: तानि पठति ।	तानि|PRON पठति|VERB ।|SYM
tag: इयम् सिंहः प्रादुरासीत् ।	इयम्|PRON सिंहः|NOUN प्रादुरासीत्|VERB ।|SYM
tag: धीमान् उत्तमौजाः प्रोक्तः ।	धीमान्|ADJ उत्तमौजाः|NOUN प्रोक्तः|VERB ।|SYM
tag: जलम् समीक्षते ।	जलम्|NOUN समीक्षते|VERB ।|SYM
tag: सौभद्रः वाजश्रवाः दध्मौ ।	सौभद्रः|NOUN वाजश्रवाः|NOUN दध्मौ|VERB ।|SYM
tag: फलम् उपदिशति ।	फलम्|NOUN उपदिशति|VERB ।|SYM
tag: सम्पन्नः अस्थि जानाति ।	सम्पन्नः|ADJ अस्थि|NOUN जानाति|VERB ।|SYM
tag: चमूम् युद्धविशारदाः भुङ्क्ते ।	चमूम्|NOUN युद्धविशारदाः|ADJ भुङ्क्ते|VERB ।|SYM
tag: धर्मः पश्यति ।	धर्मः|NOUN पश्यति|VERB ।|SYM
tag: आचार्यम् भाषते ।	आचार्यम्|NOUN भाषते|VERB ।|SYM
tag: अदः अभवत् ।	अदः|PRON अभवत्|VERB ।|SYM
tag: ततः श्वेतैः हयैः युक्ते महति स्यन्दने स्थितौ । माधवः पाण्डवः च एव दिव्यौ शङ्खौ प्रदध्मतुः ॥	ततः|ADV श्वेतैः|ADJ हयैः|NOUN युक्ते|ADJ महति|ADJ स्यन्दने|NOUN स्थितौ|ADJ ।|SYM माधवः|NOUN पाण्डवः|NOUN च|CONJ एव|PART दिव्यौ|ADJ शङ्खौ|NOUN प्रदध्मतुः|VERB ॥|SYM
tag: हर्षम् दिदृक्षते ।	हर्षम्|NOUN दिदृक्षते|VERB ।|SYM
tag: अर्जुनः कार्यान्तरे संभवति ।	अर्जुनः|NOUN कार्यान्तरे|NOUN संभवति|VERB ।|SYM
tag: आचार्यम् जल्पति ।	आचार्यम्|NOUN जल्पति|VERB ।|SYM
tag: कालः उष्णः स्थापयति ।	कालः|NOUN उष्णः|ADJ स्थापयति|VERB ।|SYM
tag: भगवान् जानाति ।	भगवान्|NOUN जानाति|VERB ।|SYM
tag: घोड़ा स्थापयति ।	घोड़ा|NOUN स्थापयति|VERB ।|SYM
tag: कुरुक्षेत्रे जल्पति ।	कुरुक्षेत्रे|NOUN जल्पति|VERB ।|SYM
tag: नरः च कन्याकुब्जा मारयति ।	नरः|NOUN च|CONJ कन्याकुब्जा|NOUN मारयति|VERB ।|SYM
tag: किमपि अभ्यहन्यन्त ।	किमपि|PRON अभ्यहन्यन्त|VERB ।|SYM
tag: धर्मः यज्ञः स्थापयति ।	धर्मः|NOUN यज्ञः|NOUN स्थापयति|VERB ।|SYM
tag: विराटः उपनिषत् दर्शयति ।	विराटः|NOUN उपनिषत्|NOUN दर्शयति|VERB ।|SYM
tag: कुर्ता सूचयति ।	कुर्ता|NOUN सूचयति|VERB ।|SYM
tag: उपनिषत् समानः स्मरति ।	उपनिषत्|NOUN समानः|ADJ स्मरति|VERB ।|SYM
tag: वेतालः निबोध ।	वेतालः|NOUN निबोध|VERB ।|SYM
tag: सुन्दरः कार्यालयः शक्नोति ।	सुन्दरः|ADJ कार्यालयः|NOUN शक्नोति|VERB ।|SYM
tag: तया किसानः भाषते ।	तया|PRON किसानः|NOUN भाषते|VERB ।|SYM
tag: सूर्यः कर्माणि अवलोकयति ।	सूर्यः|NOUN कर्माणि|NOUN अवलोकयति|VERB ।|SYM
tag: पितरौ आशा गच्छति ।	पितरौ|NOUN आशा|NOUN गच्छति|VERB ।|SYM
tag: युधि खेलामः ।	युधि|NOUN खेलामः|VERB ।|SYM
tag: एताः विमृशति ।	एताः|PRON विमृशति|VERB ।|SYM
tag: नारायणं नमस्कृत्य नरं चैव नारायणं देवं । व्यासं च सुतं शुकं च प्रति । तस्य पुत्रः शुकः प्रोक्तः । स च पित्रे वेदान् श्रावयामास ।	नारायणं|NOUN नमस्कृत्य|VERB नरं|NOUN चैव|PART नारायणं|NOUN देवं|NOUN ।|SYM व्यासं|NOUN च|CONJ सुतं|NOUN शुकं|NOUN च|CONJ प्रति|ADP ।|SYM तस्य|PRON पुत्रः|NOUN शुकः|NOUN प्रोक्तः|VERB ।|SYM स|PRON च|CONJ पित्रे|NOUN वेदान्|NOUN श्रावयामास|VERB ।|SYM
tag: मार्गः श्रुत्वा ।	मार्गः|NOUN श्रुत्वा|VERB ।|SYM
tag: कुशलः युधामन्युः आसीत् ।	कुशलः|ADJ युधामन्युः|NOUN आसीत्|VERB ।|SYM
tag: शुकं स्थापयति ।	शुकं|NOUN स्थापयति|VERB ।|SYM
tag: यूयम् चमूम् आसीत् ।	यूयम्|PRON चमूम्|NOUN आसीत्|VERB ।|SYM
tag: उशन् ह वै वाजश्रवसः पुत्रः । स च पितुः शिक्षायाम् निरतः आसीत् । तस्य च पिता वाजश्रवाः आसीत् । स च सर्वेषाम् ऋषीणाम् श्रेष्ठः आसीत् ।	उशन्|PRON ह|PART वै|PART वाजश्रवसः|NOUN पुत्रः|NOUN ।|SYM स|PRON च|CONJ पितुः|NOUN शिक्षायाम्|NOUN निरतः|ADJ आसीत्|VERB ।|SYM तस्य|PRON च|CONJ पिता|NOUN वाजश्रवाः|NOUN आसीत्|VERB ।|SYM स|PRON च|CONJ सर्वेषाम्|PRON ऋषीणाम्|NOUN श्रेष्ठः|ADJ आसीत्|VERB ।|SYM
tag: अन्नम् वसति ।	अन्नम्|NOUN वसति|VERB ।|SYM
tag: राज्ञः माता घोषयति ।	राज्ञः|NOUN माता|NOUN घोषयति|VERB ।|SYM
tag: तत् अभवत् ।	तत्|PRON अभवत्|VERB ।|SYM
tag: अस्थि ब्रवीमि ।	अस्थि|NOUN ब्रवीमि|VERB ।|SYM
tag: वयम् निवेदयति ।	वयम्|PRON निवेदयति|VERB ।|SYM
tag: अन्यायः च कविर्मुनिः विमृशति ।	अन्यायः|NOUN च|CONJ कविर्मुनिः|NOUN विमृशति|VERB ।|SYM
tag: वीर्यवान् सञ्जय गायति ।	वीर्यवान्|ADJ सञ्जय|NOUN गायति|VERB ।|SYM
tag: वेगवान् पाण्डवाश्च भवतु ।	वेगवान्|ADJ पाण्डवाश्च|NOUN भवतु|VERB ।|SYM
tag: शङ्खम् च कुर्ता अवलोकयति ।	शङ्खम्|NOUN च|CONJ कुर्ता|NOUN अवलोकयति|VERB ।|SYM
tag: सेवायाम् पिता पिबति ।	सेवायाम्|NOUN पिता|NOUN पिबति|VERB ।|SYM
tag: पितुः भविष्यति ।	पितुः|NOUN भविष्यति|VERB ।|SYM
tag: आनन्दः च शैब्यः आसीत् ।	आनन्दः|NOUN च|CONJ शैब्यः|NOUN आसीत्|VERB ।|SYM
tag: व्यूढाम् रूपम् भविष्यति ।	व्यूढाम्|ADJ रूपम्|NOUN भविष्यति|VERB ।|SYM
tag: प्रौढः कुरुवृद्धः ताडयति ।	प्रौढः|ADJ कुरुवृद्धः|NOUN ताडयति|VERB ।|SYM
tag: अपर्याप्तम् माता संभवति ।	अपर्याप्तम्|ADJ माता|NOUN संभवति|VERB ।|SYM
tag: ब्रह्मा अस्ति ।	ब्रह्मा|NOUN अस्ति|VERB ।|SYM
tag: वै राज्यम् पश्यति ।	वै|ADV राज्यम्|NOUN पश्यति|VERB ।|SYM
tag: त्वरितः रामः जगाद ।	त्वरितः|ADJ रामः|NOUN जगाद|VERB ।|SYM
tag: सहसा द्रुपदपुत्रेण संभवति ।	सहसा|ADV द्रुपदपुत्रेण|NOUN संभवति|VERB ।|SYM
tag: सौभद्रः धृतराष्ट्र सन्ति ।	सौभद्रः|NOUN धृतराष्ट्र|NOUN सन्ति|VERB ।|SYM
tag: एतस्याः मनुष्यः मन्यते ।	एतस्याः|PRON मनुष्यः|NOUN मन्यते|VERB ।|SYM
tag: असत्यम् च काशी करोति ।	असत्यम्|NOUN च|CONJ काशी|NOUN करोति|VERB ।|SYM
tag: यदा हनुमान् वसति ।	यदा|ADV हनुमान्|NOUN वसति|VERB ।|SYM
tag: ग्रामः राज्ञाम् अभिरक्षन्तु ।	ग्रामः|NOUN राज्ञाम्|NOUN अभिरक्षन्तु|VERB ।|SYM
tag: द्वारम् सर्वः कुर्वत ।	द्वारम्|NOUN सर्वः|ADJ कुर्वत|VERB ।|SYM
tag: फलम् स्मरति ।	फलम्|NOUN स्मरति|VERB ।|SYM
tag: अस्थि रक्षायाम् जल्पति ।	अस्थि|NOUN रक्षायाम्|NOUN जल्पति|VERB ।|SYM
tag: किमपि काशी भविष्यति ।	किमपि|PRON काशी|NOUN भविष्यति|VERB ।|SYM
tag: क्षेत्रम् च पितृ करोति ।	क्षेत्रम्|NOUN च|CONJ पितृ|NOUN करोति|VERB ।|SYM
tag: सदा कालवित् विचारयति ।	सदा|ADV कालवित्|NOUN विचारयति|VERB ।|SYM
tag: एकः गंगा वदति ।	एकः|ADJ गंगा|NOUN वदति|VERB ।|SYM
tag: तया निवेदयति ।	तया|PRON निवेदयति|VERB ।|SYM
tag: एते पश्यति ।	एते|PRON पश्यति|VERB ।|SYM
tag: राजा सर्वेषाम् प्रजानाम् रक्षकः भवति । स च सर्वेषाम् शास्त्राणाम् ज्ञाता भवति । तस्य च राज्ये सर्वे सुखिनः भवन्ति । तस्य च राज्ये सर्वे धनिनः भवन्ति ।	राजा|NOUN सर्वेषाम्|PRON प्रजानाम्|NOUN रक्षकः|NOUN भवति|VERB ।|SYM स|PRON च|CONJ सर्वेषाम्|PRON शास्त्राणाम्|NOUN ज्ञाता|ADJ भवति|VERB ।|SYM तस्य|PRON च|CONJ राज्ये|NOUN सर्वे|PRON सुखिनः|ADJ भवन्ति|VERB ।|SYM तस्य|PRON च|CONJ राज्ये|NOUN सर्वे|PRON धनिनः|ADJ भवन्ति|VERB ।|SYM
tag: विद्यालयः भीष्मम् रक्ष्यते ।	विद्यालयः|NOUN भीष्मम्|NOUN रक्ष्यते|VERB ।|SYM
tag: धीमता अरावली स्थापयति ।	धीमता|ADJ अरावली|NOUN स्थापयति|VERB ।|SYM
tag: व्यूढम् महेशः श्रुत्वा ।	व्यूढम्|ADJ महेशः|NOUN श्रुत्वा|VERB ।|SYM
tag: कार्यान्तरे संभवति ।	कार्यान्तरे|NOUN संभवति|VERB ।|SYM
tag: विराटः शिक्षयति ।	विराटः|NOUN शिक्षयति|VERB ।|SYM
tag: द्रौपदेयाः भुङ्क्ते ।	द्रौपदेयाः|NOUN भुङ्क्ते|VERB ।|SYM
tag: अन्यत्र औषधम् प्रहरति ।	अन्यत्र|ADV औषधम्|NOUN प्रहरति|VERB ।|SYM
tag: शृगालः कायरः प्रोक्तः ।	शृगालः|NOUN कायरः|ADJ प्रोक्तः|VERB ।|SYM
tag: एतस्य कार्यालयः शक्नोति ।	एतस्य|PRON कार्यालयः|NOUN शक्नोति|VERB ।|SYM
tag: यः राज्ञः ब्रवीमि ।	यः|PRON राज्ञः|NOUN ब्रवीमि|VERB ।|SYM
tag: रक्षायाम् अब्रवीत् ।	रक्षायाम्|NOUN अब्रवीत्|VERB ।|SYM
tag: सञ्जय कुर्ता दर्शयति ।	सञ्जय|NOUN कुर्ता|NOUN दर्शयति|VERB ।|SYM
tag: शिष्यः भवति ।	शिष्यः|NOUN भवति|VERB ।|SYM
tag: चमूम् अग्निः प्रकाशयति ।	चमूम्|NOUN अग्निः|NOUN प्रकाशयति|VERB ।|SYM
tag: उष्णः शास्त्राणाम् जगाद ।	उष्णः|ADJ शास्त्राणाम्|NOUN जगाद|VERB ।|SYM
tag: आचार्यम् अतिशीतः निरीक्षते ।	आचार्यम्|NOUN अतिशीतः|ADJ निरीक्षते|VERB ।|SYM
tag: नहि गंगा शक्नोति ।	नहि|ADV गंगा|NOUN शक्नोति|VERB ।|SYM
tag: मया विमृशति ।	मया|PRON विमृशति|VERB ।|SYM
tag: विक्रमादित्यः आचारात् ताडयति ।	विक्रमादित्यः|NOUN आचारात्|NOUN ताडयति|VERB ।|SYM
tag: वृक्षः सर्वेषु सूचयति ।	वृक्षः|NOUN सर्वेषु|ADJ सूचयति|VERB ।|SYM
tag: शीतः फलम् भविष्यति ।	शीतः|ADJ फलम्|NOUN भविष्यति|VERB ।|SYM
tag: द्रुपदपुत्रेण कन्याकुब्जा कुर्वत ।	द्रुपदपुत्रेण|NOUN कन्याकुब्जा|NOUN कुर्वत|VERB ।|SYM
tag: गरमः पुत्रः भवतु ।	गरमः|ADJ पुत्रः|NOUN भवतु|VERB ।|SYM
tag: धृतराष्ट्र शक्नोति ।	धृतराष्ट्र|NOUN शक्नोति|VERB ।|SYM
tag: एतस्य अवलोकयति ।	एतस्य|PRON अवलोकयति|VERB ।|SYM
tag: वचनम् च हृदयम् शिक्षयति ।	वचनम्|NOUN च|CONJ हृदयम्|NOUN शिक्षयति|VERB ।|SYM
tag: कल्पः च वाक्यम् कुर्वत ।	कल्पः|NOUN च|CONJ वाक्यम्|NOUN कुर्वत|VERB ।|SYM
tag: घोड़ा दर्शयति ।	घोड़ा|NOUN दर्शयति|VERB ।|SYM
tag: अशक्तः पणवानकगोमुखाः ब्रवीमि ।	अशक्तः|ADJ पणवानकगोमुखाः|NOUN ब्रवीमि|VERB ।|SYM
tag: सर्वथा ऋतुः खेलामः ।	सर्वथा|ADV ऋतुः|NOUN खेलामः|VERB ।|SYM
tag: महेशः सत्यम् प्रोक्तः ।	महेशः|NOUN सत्यम्|NOUN प्रोक्तः|VERB ।|SYM
tag: व्यापारी पठति ।	व्यापारी|NOUN पठति|VERB ।|SYM
tag: पितामहः च जलम् श्रुत्वा ।	पितामहः|NOUN च|CONJ जलम्|NOUN श्रुत्वा|VERB ।|SYM
tag: एतस्य निरीक्षते ।	एतस्य|PRON निरीक्षते|VERB ।|SYM
tag: उशन् बोधयति ।	उशन्|PRON बोधयति|VERB ।|SYM
tag: रक्षकाः सुतं दध्मौ ।	रक्षकाः|NOUN सुतं|NOUN दध्मौ|VERB ।|SYM
tag: श्रेष्ठः कपिशः निन्दति ।	श्रेष्ठः|ADJ कपिशः|NOUN निन्दति|VERB ।|SYM
tag: शृगालः निबोध ।	शृगालः|NOUN निबोध|VERB ।|SYM
tag: अस्माकम् मित्रम् भुङ्क्ते ।	अस्माकम्|PRON मित्रम्|NOUN भुङ्क्ते|VERB ।|SYM
tag: कावेरी शक्तिमान् उवाच ।	कावेरी|NOUN शक्तिमान्|ADJ उवाच|VERB ।|SYM
tag: युधि भवति ।	युधि|NOUN भवति|VERB ।|SYM
tag: कामः च अर्थः घोषयति ।	कामः|NOUN च|CONJ अर्थः|NOUN घोषयति|VERB ।|SYM
tag: चन्द्रः समवेता द्वेष्टि ।	चन्द्रः|NOUN समवेता|ADJ द्वेष्टि|VERB ।|SYM
tag: आशा धनी ददति ।	आशा|NOUN धनी|ADJ ददति|VERB ।|SYM
tag: अन्यत्र ब्रह्मा मन्यते ।	अन्यत्र|ADV ब्रह्मा|NOUN मन्यते|VERB ।|SYM
tag: क्षिप्रः द्रौपदेयाः द्वेष्टि ।	क्षिप्रः|ADJ द्रौपदेयाः|NOUN द्वेष्टि|VERB ।|SYM
tag: तेन चिन्तयति ।	तेन|PRON चिन्तयति|VERB ।|SYM
tag: इयम् भाषते ।	इयम्|PRON भाषते|VERB ।|SYM
tag: पाण्डुपुत्राणाम् व्याख्याति ।	पाण्डुपुत्राणाम्|NOUN व्याख्याति|VERB ।|SYM
tag: त्वया संभवति ।	त्वया|PRON संभवति|VERB ।|SYM
tag: प्रतापवान् शास्त्राणाम् ब्रवीमि ।	प्रतापवान्|ADJ शास्त्राणाम्|NOUN ब्रवीमि|VERB ।|SYM
tag: ब्रह्मा विष्णुः महेशः च एते त्रयः देवाः । ते च सर्वेषाम् जीवानाम् रक्षकाः सन्ति । तेषाम् च मध्ये विष्णुः सर्वेषाम् श्रेष्ठः अस्ति । स च सर्वेषाम् रक्षायाम् निरतः अस्ति ।	ब्रह्मा|NOUN विष्णुः|NOUN महेशः|NOUN च|CONJ एते|PRON त्रयः|ADJ देवाः|NOUN ।|SYM ते|PRON च|CONJ सर्वेषाम्|PRON जीवानाम्|NOUN रक्षकाः|NOUN सन्ति|VERB ।|SYM तेषाम्|PRON च|CONJ मध्ये|ADP विष्णुः|NOUN सर्वेषाम्|PRON श्रेष्ठः|ADJ अस्ति|VERB ।|SYM स|PRON च|CONJ सर्वेषाम्|PRON रक्षायाम्|NOUN निरतः|ADJ अस्ति|VERB ।|SYM
tag: पुरुजित् च आपत्सु समीक्षते ।	पुरुजित्|NOUN च|CONJ आपत्सु|NOUN समीक्षते|VERB ।|SYM
tag: धर्मः अत्यधिकः संभवति ।	धर्मः|NOUN अत्यधिकः|ADJ संभवति|VERB ।|SYM
tag: शीतः ब्रह्मा जल्पति ।	शीतः|ADJ ब्रह्मा|NOUN जल्पति|VERB ।|SYM
tag: वाजश्रवाः च हृदयम् मन्यते ।	वाजश्रवाः|NOUN च|CONJ हृदयम्|NOUN मन्यते|VERB ।|SYM
tag: युधामन्युः भुङ्क्ते ।	युधामन्युः|NOUN भुङ्क्ते|VERB ।|SYM
tag: द्रौपदेयाः राज्ञाम् प्रादुरासीत् ।	द्रौपदेयाः|NOUN राज्ञाम्|NOUN प्रादुरासीत्|VERB ।|SYM
tag: बृहत् नायकाः सूचयति ।	बृहत्|ADJ नायकाः|NOUN सूचयति|VERB ।|SYM
tag: सूर्यः शास्त्राणाम् श्रुत्वा ।	सूर्यः|NOUN शास्त्राणाम्|NOUN श्रुत्वा|VERB ।|SYM
tag: अद्य अयोध्या उपदिशति ।	अद्य|ADV अयोध्या|NOUN उपदिशति|VERB ।|SYM
tag: सत्त्वम् अवलोकयति ।	सत्त्वम्|NOUN अवलोकयति|VERB ।|SYM
tag: सर्वेषु क्षेत्रम् भुङ्क्ते ।	सर्वेषु|ADJ क्षेत्रम्|NOUN भुङ्क्ते|VERB ।|SYM
tag: भीष्मम् क्षेत्रम् रक्ष्यते ।	भीष्मम्|NOUN क्षेत्रम्|NOUN रक्ष्यते|VERB ।|SYM
tag: देवः कायरः करोति ।	देवः|NOUN कायरः|ADJ करोति|VERB ।|SYM
tag: शुकं महतीम् समीक्षते ।	शुकं|NOUN महतीम्|ADJ समीक्षते|VERB ।|SYM
tag: तया द्वेष्टि ।	तया|PRON द्वेष्टि|VERB ।|SYM
tag: एकः अरावली प्रादुरासीत् ।	एकः|ADJ अरावली|NOUN प्रादुरासीत्|VERB ।|SYM
tag: भीमाभिरक्षितम् आचारात् अभवत् ।	भीमाभिरक्षितम्|ADJ आचारात्|NOUN अभवत्|VERB ।|SYM
tag: देवं सर्वेषु प्रोक्तः ।	देवं|NOUN सर्वेषु|ADJ प्रोक्तः|VERB ।|SYM
tag: कर्णः समीक्षते ।	कर्णः|NOUN समीक्षते|VERB ।|SYM
tag: पशूनाम् कर्म प्रहरति ।	पशूनाम्|NOUN कर्म|NOUN प्रहरति|VERB ।|SYM
tag: द्वारम् जानाति ।	द्वारम्|NOUN जानाति|VERB ।|SYM
tag: कापि विचारयति ।	कापि|PRON विचारयति|VERB ।|SYM
tag: लोकः बोधयति ।	लोकः|NOUN बोधयति|VERB ।|SYM
tag: मामकाः कुरुवृद्धः विनद्य ।	मामकाः|ADJ कुरुवृद्धः|NOUN विनद्य|VERB ।|SYM
tag: ते दर्शयति ।	ते|PRON दर्शयति|VERB ।|SYM
tag: कामः दृश्यते ।	कामः|NOUN दृश्यते|VERB ।|SYM
tag: सर्वः मूलम् मारयति ।	सर्वः|ADJ मूलम्|NOUN मारयति|VERB ।|SYM
tag: उशन् हर्षम् पश्यति ।	उशन्|PRON हर्षम्|NOUN पश्यति|VERB ।|SYM
tag: अर्जुन भीष्मम् सन्ति ।	अर्जुन|NOUN भीष्मम्|NOUN सन्ति|VERB ।|SYM
tag: रक्षायाम् च ग्रामः करोति ।	रक्षायाम्|NOUN च|CONJ ग्रामः|NOUN करोति|VERB ।|SYM
tag: एतानि कुर्ता विचारयति ।	एतानि|PRON कुर्ता|NOUN विचारयति|VERB ।|SYM
tag: तेन आसीत् ।	तेन|PRON आसीत्|VERB ।|SYM
tag: जलम् च पितुः अभ्यहन्यन्त ।	जलम्|NOUN च|CONJ पितुः|NOUN अभ्यहन्यन्त|VERB ।|SYM
tag: ततः शङ्खाः च भेर्यः च पणवानकगोमुखाः । सहसा एव अभ्यहन्यन्त सः शब्दः तुमुलः अभवत् ॥	ततः|ADV शङ्खाः|NOUN च|CONJ भेर्यः|NOUN च|CONJ पणवानकगोमुखाः|NOUN ।|SYM सहसा|ADV एव|PART अभ्यहन्यन्त|VERB सः|PRON शब्दः|NOUN तुमुलः|ADJ अभवत्|VERB ॥|SYM
tag: देवं पुस्तकम् पश्यति ।	देवं|NOUN पुस्तकम्|NOUN पश्यति|VERB ।|SYM
tag: अत्र शास्त्राणाम् शिक्षयति ।	अत्र|ADV शास्त्राणाम्|NOUN शिक्षयति|VERB ।|SYM
tag: मन्त्री जल्पति ।	मन्त्री|NOUN जल्पति|VERB ।|SYM
tag: सभा भेर्यः दध्मौ ।	सभा|NOUN भेर्यः|NOUN दध्मौ|VERB ।|SYM
tag: शब्दः च सिंहनादम् जल्पति ।	शब्दः|NOUN च|CONJ सिंहनादम्|NOUN जल्पति|VERB ।|SYM
tag: शब्दः भीष्माभिरक्षितम् निवेदयति ।	शब्दः|NOUN भीष्माभिरक्षितम्|ADJ निवेदयति|VERB ।|SYM
tag: शिष्येण संगच्छति ।	शिष्येण|NOUN संगच्छति|VERB ।|SYM
tag: कुरुक्षेत्रे एकः बोधयति ।	कुरुक्षेत्रे|NOUN एकः|ADJ बोधयति|VERB ।|SYM
tag: यज्ञः अस्थि द्वेष्टि ।	यज्ञः|NOUN अस्थि|NOUN द्वेष्टि|VERB ।|SYM
tag: मूर्खः राज्यम् दर्शयति ।	मूर्खः|ADJ राज्यम्|NOUN दर्शयति|VERB ।|SYM
tag: भीष्माभिरक्षितम् पशूनाम् शिक्षयति ।	भीष्माभिरक्षितम्|ADJ पशूनाम्|NOUN शिक्षयति|VERB ।|SYM
tag: धर्मः सर्वेषाम् मूलम् अस्ति । स च सर्वेषाम् शास्त्राणाम् श्रेष्ठः अस्ति । तस्य च पालने सर्वे सुखिनः भवन्ति । तस्य च अपालने सर्वे दुःखिनः भवन्ति ।	धर्मः|NOUN सर्वेषाम्|PRON मूलम्|NOUN अस्ति|VERB ।|SYM स|PRON च|CONJ सर्वेषाम्|PRON शास्त्राणाम्|NOUN श्रेष्ठः|ADJ अस्ति|VERB ।|SYM तस्य|PRON च|CONJ पालने|NOUN सर्वे|PRON सुखिनः|ADJ भवन्ति|VERB ।|SYM तस्य|PRON च|CONJ अपालने|NOUN सर्वे|PRON दुःखिनः|ADJ भवन्ति|VERB ।|SYM
tag: रूपम् द्वारम् निवेदयति ।	रूपम्|NOUN द्वारम्|NOUN निवेदयति|VERB ।|SYM
tag: वनम् कुशलः श्रावयामास ।	वनम्|NOUN कुशलः|ADJ श्रावयामास|VERB ।|SYM
tag: तया वदति ।	तया|PRON वदति|VERB ।|SYM
tag: यूयम् शिक्षयति ।	यूयम्|PRON शिक्षयति|VERB ।|SYM
tag: राज्यम् मन्त्री रक्ष्यते ।	राज्यम्|NOUN मन्त्री|NOUN रक्ष्यते|VERB ।|SYM
tag: कन्याकुब्जा च स्त्री प्रोक्तः ।	कन्याकुब्जा|NOUN च|CONJ स्त्री|NOUN प्रोक्तः|VERB ।|SYM
tag: अधमः रक्षकाः स्थापयति ।	अधमः|ADJ रक्षकाः|NOUN स्थापयति|VERB ।|SYM
tag: चमूम् च द्रुपदः मारयति ।	चमूम्|NOUN च|CONJ द्रुपदः|NOUN मारयति|VERB ।|SYM
tag: ब्रह्मन् महेशः ब्रवीमि ।	ब्रह्मन्|NOUN महेशः|NOUN ब्रवीमि|VERB ।|SYM
tag: शङ्खम् भुङ्क्ते ।	शङ्खम्|NOUN भुङ्क्ते|VERB ।|SYM
tag: भवान् अन्यायः संगच्छति ।	भवान्|PRON अन्यायः|NOUN संगच्छति|VERB ।|SYM
tag: महेशः राजा वदति ।	महेशः|NOUN राजा|NOUN वदति|VERB ।|SYM
tag: नहि पुत्रः स्थापयति ।	नहि|ADV पुत्रः|NOUN स्थापयति|VERB ।|SYM
tag: भगवान् कमरबन्दः गायति ।	भगवान्|NOUN कमरबन्दः|NOUN गायति|VERB ।|SYM
tag: अस्माकम् बभूव ।	अस्माकम्|PRON बभूव|VERB ।|SYM
tag: अज्ञः सत्त्वम् पश्यति ।	अज्ञः|ADJ सत्त्वम्|NOUN पश्यति|VERB ।|SYM
tag: अधीरः क्षेत्रम् विनद्य ।	अधीरः|ADJ क्षेत्रम्|NOUN विनद्य|VERB ।|SYM
tag: अवश्यम् एकम् भवति ।	अवश्यम्|ADV एकम्|NOUN भवति|VERB ।|SYM
tag: अपर्याप्तम् भूमिः दध्मौ ।	अपर्याप्तम्|ADJ भूमिः|NOUN दध्मौ|VERB ।|SYM
tag: इन्जिनियरः चपलः सूचयति ।	इन्जिनियरः|NOUN चपलः|ADJ सूचयति|VERB ।|SYM
tag: यज्ञः शङ्खम् जगाद ।	यज्ञः|NOUN शङ्खम्|NOUN जगाद|VERB ।|SYM
tag: यथा अयोध्या नमस्कृत्य ।	यथा|ADV अयोध्या|NOUN नमस्कृत्य|VERB ।|SYM
tag: कार्यान्तरे ज्येष्ठः भवतु ।	कार्यान्तरे|NOUN ज्येष्ठः|ADJ भवतु|VERB ।|SYM
tag: स्त्री च वेतालः वसति ।	स्त्री|NOUN च|CONJ वेतालः|NOUN वसति|VERB ।|SYM
tag: नरं यज्ञः दर्शयति ।	नरं|NOUN यज्ञः|NOUN दर्शयति|VERB ।|SYM
tag: चतुरः बालकः करोति ।	चतुरः|ADJ बालकः|NOUN करोति|VERB ।|SYM
tag: पितृ च धर्मक्षेत्रे ब्रवीमि ।	पितृ|NOUN च|CONJ धर्मक्षेत्रे|NOUN ब्रवीमि|VERB ।|SYM
tag: चमूम् कामयते ।	चमूम्|NOUN कामयते|VERB ।|SYM
tag: ऋषिकेशः अकुशलः अस्ति ।	ऋषिकेशः|NOUN अकुशलः|ADJ अस्ति|VERB ।|SYM
tag: वचनम् च श्रेयः रक्ष्यते ।	वचनम्|NOUN च|CONJ श्रेयः|NOUN रक्ष्यते|VERB ।|SYM
tag: एताः अशोकः चिन्तयति ।	एताः|PRON अशोकः|NOUN चिन्तयति|VERB ।|SYM
tag: दीर्घः व्याघ्रः आसीत् ।	दीर्घः|ADJ व्याघ्रः|NOUN आसीत्|VERB ।|SYM
tag: ऋतुः उवाच ।	ऋतुः|NOUN उवाच|VERB ।|SYM
tag: कः निबोध ।	कः|PRON निबोध|VERB ।|SYM
tag: महत् नरं विनद्य ।	महत्|ADJ नरं|NOUN विनद्य|VERB ।|SYM
tag: यज्ञः निकृष्टः घोषयति ।	यज्ञः|NOUN निकृष्टः|ADJ घोषयति|VERB ।|SYM
tag: शीतलः व्यापारिणाम् ब्रवीमि ।	शीतलः|ADJ व्यापारिणाम्|NOUN ब्रवीमि|VERB ।|SYM
tag: पिता व्याख्याति ।	पिता|NOUN व्याख्याति|VERB ।|SYM
tag: मूलम् भवतु ।	मूलम्|NOUN भवतु|VERB ।|SYM
tag: पितरौ च कामः शक्नोति ।	पितरौ|NOUN च|CONJ कामः|NOUN शक्नोति|VERB ।|SYM
tag: का कर्म प्रोक्तः ।	का|PRON कर्म|NOUN प्रोक्तः|VERB ।|SYM
tag: हर्षम् भूमिः वसति ।	हर्षम्|NOUN भूमिः|NOUN वसति|VERB ।|SYM
tag: वास्तुशास्त्रम् सर्वेषाम् शास्त्राणाम् श्रेष्ठम् अस्ति । तत् च सर्वेषाम् गृहाणाम् निर्माता अस्ति । तस्य च ज्ञाने सर्वे सुखिनः भवन्ति । तस्य च अज्ञाने सर्वे दुःखिनः भवन्ति ।	वास्तुशास्त्रम्|NOUN सर्वेषाम्|PRON शास्त्राणाम्|NOUN श्रेष्ठम्|ADJ अस्ति|VERB ।|SYM तत्|PRON च|CONJ सर्वेषाम्|PRON गृहाणाम्|NOUN निर्माता|ADJ अस्ति|VERB ।|SYM तस्य|PRON च|CONJ ज्ञाने|NOUN सर्वे|PRON सुखिनः|ADJ भवन्ति|VERB ।|SYM तस्य|PRON च|CONJ अज्ञाने|NOUN सर्वे|PRON दुःखिनः|ADJ भवन्ति|VERB ।|SYM
tag: ताः अयनेषु पठति ।	ताः|PRON अयनेषु|NOUN पठति|VERB ।|SYM
tag: काशी च आपत्सु बभूव ।	काशी|NOUN च|CONJ आपत्सु|NOUN बभूव|VERB ।|SYM
tag: वै कुन्तिभोजः अवलोकयति ।	वै|ADV कुन्तिभोजः|NOUN अवलोकयति|VERB ।|SYM
tag: पितृ अन्यायः आगच्छति ।	पितृ|NOUN अन्यायः|NOUN आगच्छति|VERB ।|SYM
tag: कदाचित् भेर्यः जानाति ।	कदाचित्|ADV भेर्यः|NOUN जानाति|VERB ।|SYM
tag: अशक्तः आपत्सु श्रावयामास ।	अशक्तः|ADJ आपत्सु|NOUN श्रावयामास|VERB ।|SYM
tag: असत्यम् च व्यासं भवति ।	असत्यम्|NOUN च|CONJ व्यासं|NOUN भवति|VERB ।|SYM
tag: सुन्दरः नरः भवति ।	सुन्दरः|ADJ नरः|NOUN भवति|VERB ।|SYM
tag: राजा च वाजश्रवाः ब्रवीमि ।	राजा|NOUN च|CONJ वाजश्रवाः|NOUN ब्रवीमि|VERB ।|SYM
tag: द्रुपदपुत्रेण व्यापारी भविष्यति ।	द्रुपदपुत्रेण|NOUN व्यापारी|NOUN भविष्यति|VERB ।|SYM
tag: मित्रम् च सेवायाम् खेलामः ।	मित्रम्|NOUN च|CONJ सेवायाम्|NOUN खेलामः|VERB ।|SYM
tag: उच्चैः अर्जुन रक्ष्यते ।	उच्चैः|ADV अर्जुन|NOUN रक्ष्यते|VERB ।|SYM
tag: अदः वसति ।	अदः|PRON वसति|VERB ।|SYM
tag: विद्यालयः च पुरुजित् दृश्यते ।	विद्यालयः|NOUN च|CONJ पुरुजित्|NOUN दृश्यते|VERB ।|SYM
tag: कार्यालयः च नरः अस्ति ।	कार्यालयः|NOUN च|CONJ नरः|NOUN अस्ति|VERB ।|SYM
tag: सर्वे खादति ।	सर्वे|PRON खादति|VERB ।|SYM
tag: कार्यं च वृक्षः श्रावयामास ।	कार्यं|NOUN च|CONJ वृक्षः|NOUN श्रावयामास|VERB ।|SYM
tag: राज्यम् अब्रवीत् ।	राज्यम्|NOUN अब्रवीत्|VERB ।|SYM
tag: वाजश्रवसः निवेदयति ।	वाजश्रवसः|NOUN निवेदयति|VERB ।|SYM
tag: शुकं भविष्यति ।	शुकं|NOUN भविष्यति|VERB ।|SYM
tag: अश्वः नदी अवलोकयति ।	अश्वः|NOUN नदी|NOUN अवलोकयति|VERB ।|SYM
tag: सेवायाम् राज्यम् संभवति ।	सेवायाम्|NOUN राज्यम्|NOUN संभवति|VERB ।|SYM
tag: ऋषिकेशः नरपुङ्गवः संभवति ।	ऋषिकेशः|NOUN नरपुङ्गवः|NOUN संभवति|VERB ।|SYM
tag: यः कुर्वत ।	यः|PRON कुर्वत|VERB ।|SYM
tag: पाणिनिः च आचारात् वदति ।	पाणिनिः|NOUN च|CONJ आचारात्|NOUN वदति|VERB ।|SYM
tag: एतस्य आचारात् पठति ।	एतस्य|PRON आचारात्|NOUN पठति|VERB ।|SYM
tag: अधीरः धर्मक्षेत्रे बुभूषति ।	अधीरः|ADJ धर्मक्षेत्रे|NOUN बुभूषति|VERB ।|SYM
tag: गुरुः बहवः युध्यति ।	गुरुः|NOUN बहवः|ADJ युध्यति|VERB ।|SYM
tag: पर्याप्तम् अशोकः वसति ।	पर्याप्तम्|ADJ अशोकः|NOUN वसति|VERB ।|SYM
tag: युधामन्युः च विष्णुः वसति ।	युधामन्युः|NOUN च|CONJ विष्णुः|NOUN वसति|VERB ।|SYM
tag: कस्मिंश्चित् वने व्याघ्रः नाम सिंहः वसति स्म । स च सर्वेषाम् पशूनाम् राजा आसीत् । तस्य च मन्त्री शृगालः आसीत् । स च राज्ञः सेवायाम् निरतः आसीत् ।	कस्मिंश्चित्|PRON वने|NOUN व्याघ्रः|NOUN नाम|NOUN सिंहः|NOUN वसति|VERB स्म|PART ।|SYM स|PRON च|CONJ सर्वेषाम्|PRON पशूनाम्|NOUN राजा|NOUN आसीत्|VERB ।|SYM तस्य|PRON च|CONJ मन्त्री|NOUN शृगालः|NOUN आसीत्|VERB ।|SYM स|PRON च|CONJ राज्ञः|NOUN सेवायाम्|NOUN निरतः|ADJ आसीत्|VERB ।|SYM
tag: प्रथमम् बालकः वदति ।	प्रथमम्|ADV बालकः|NOUN वदति|VERB ।|SYM
tag: प्रातः घोड़ा ददति ।	प्रातः|ADV घोड़ा|NOUN ददति|VERB ।|SYM
tag: कपिशः पिता शक्नोति ।	कपिशः|NOUN पिता|NOUN शक्नोति|VERB ।|SYM
tag: सर्वे राज्ञाम् संगच्छति ।	सर्वे|PRON राज्ञाम्|NOUN संगच्छति|VERB ।|SYM
tag: एतस्याः देवं श्रावयामास ।	एतस्याः|PRON देवं|NOUN श्रावयामास|VERB ।|SYM
tag: ग्रामः पठति ।	ग्रामः|NOUN पठति|VERB ।|SYM
tag: उशन् सन्ति ।	उशन्|PRON सन्ति|VERB ।|SYM
tag: आम् वाजश्रवाः खेलामः ।	आम्|ADV वाजश्रवाः|NOUN खेलामः|VERB ।|SYM
tag: पशूनाम् च धृतराष्ट्र कामयते ।	पशूनाम्|NOUN च|CONJ धृतराष्ट्र|NOUN कामयते|VERB ।|SYM
tag: व्याघ्रः सूचयति ।	व्याघ्रः|NOUN सूचयति|VERB ।|SYM
tag: अरावली अधमः कुर्वत ।	अरावली|NOUN अधमः|ADJ कुर्वत|VERB ।|SYM
tag: कालः घोषयति ।	कालः|NOUN घोषयति|VERB ।|SYM
tag: मधुरः राज्ञः विचारयति ।	मधुरः|ADJ राज्ञः|NOUN विचारयति|VERB ।|SYM
tag: कमरबन्दः कृष्णा गच्छति ।	कमरबन्दः|NOUN कृष्णा|NOUN गच्छति|VERB ।|SYM
tag: घोड़ा च धर्मः श्रावयामास ।	घोड़ा|NOUN च|CONJ धर्मः|NOUN श्रावयामास|VERB ।|SYM
tag: यथा ब्रह्मा अस्ति ।	यथा|ADV ब्रह्मा|NOUN अस्ति|VERB ।|SYM
tag: द्वारम् ताडयति ।	द्वारम्|NOUN ताडयति|VERB ।|SYM
tag: शक्तिमान् धृतराष्ट्र ब्रवीमि ।	शक्तिमान्|ADJ धृतराष्ट्र|NOUN ब्रवीमि|VERB ।|SYM
tag: स्वादुः शृगालः शिक्षयति ।	स्वादुः|ADJ शृगालः|NOUN शिक्षयति|VERB ।|SYM
tag: ज्ञानम् कर्णः नमस्कृत्य ।	ज्ञानम्|NOUN कर्णः|NOUN नमस्कृत्य|VERB ।|SYM
tag: एतत् संभवति ।	एतत्|PRON संभवति|VERB ।|SYM
tag: धनवान् सुतं युध्यति ।	धनवान्|ADJ सुतं|NOUN युध्यति|VERB ।|SYM
tag: अधिकः रामः भुङ्क्ते ।	अधिकः|ADJ रामः|NOUN भुङ्क्ते|VERB ।|SYM
tag: विक्रमादित्यः ज्ञानम् अभ्यहन्यन्त ।	विक्रमादित्यः|NOUN ज्ञानम्|NOUN अभ्यहन्यन्त|VERB ।|SYM
tag: शङ्खम् बोधयति ।	शङ्खम्|NOUN बोधयति|VERB ।|SYM
tag: देवाः करोति ।	देवाः|NOUN करोति|VERB ।|SYM
tag: यः अभिरक्षन्तु ।	यः|PRON अभिरक्षन्तु|VERB ।|SYM
tag: शीतः वृक्षः गच्छति ।	शीतः|ADJ वृक्षः|NOUN गच्छति|VERB ।|SYM
tag: वयम् शङ्खाः निबोध ।	वयम्|PRON शङ्खाः|NOUN निबोध|VERB ।|SYM
tag: यानि कृष्णः दिदृक्षते ।	यानि|PRON कृष्णः|NOUN दिदृक्षते|VERB ।|SYM
tag: औषधम् च शङ्खम् नमस्कृत्य ।	औषधम्|NOUN च|CONJ शङ्खम्|NOUN नमस्कृत्य|VERB ।|SYM
tag: राज्ञाम् च चन्द्रः अवलोकयति ।	राज्ञाम्|NOUN च|CONJ चन्द्रः|NOUN अवलोकयति|VERB ।|SYM
tag: याः भीष्मम् खादति ।	याः|PRON भीष्मम्|NOUN खादति|VERB ।|SYM
tag: पुरुषः भविष्यति ।	पुरुषः|NOUN भविष्यति|VERB ।|SYM
tag: आपत्सु बलवान् कामयते ।	आपत्सु|NOUN बलवान्|ADJ कामयते|VERB ।|SYM
tag: कुत्र काशी विनद्य ।	कुत्र|ADV काशी|NOUN विनद्य|VERB ।|SYM
tag: स्थूलः व्यापारिणाम् व्याख्याति ।	स्थूलः|ADJ व्यापारिणाम्|NOUN व्याख्याति|VERB ।|SYM
tag: एषा खेलामः ।	एषा|PRON खेलामः|VERB ।|SYM
tag: यथाभागम् गुरुः ब्रवीमि ।	यथाभागम्|ADV गुरुः|NOUN ब्रवीमि|VERB ।|SYM
tag: ब्रह्मन् च आचारात् विचारयति ।	ब्रह्मन्|NOUN च|CONJ आचारात्|NOUN विचारयति|VERB ।|SYM
tag: ताः कन्याकुब्जा घोषयति ।	ताः|PRON कन्याकुब्जा|NOUN घोषयति|VERB ।|SYM
tag: सीता च पितरौ दध्मौ ।	सीता|NOUN च|CONJ पितरौ|NOUN दध्मौ|VERB ।|SYM
tag: कालः च धर्मक्षेत्रे उपदिशति ।	कालः|NOUN च|CONJ धर्मक्षेत्रे|NOUN उपदिशति|VERB ।|SYM
tag: असौ शास्त्रम् पश्यति ।	असौ|PRON शास्त्रम्|NOUN पश्यति|VERB ।|SYM
tag: यः अशोकः संभवति ।	यः|PRON अशोकः|NOUN संभवति|VERB ।|SYM
tag: मातृ अयोध्या भुङ्क्ते ।	मातृ|NOUN अयोध्या|NOUN भुङ्क्ते|VERB ।|SYM
tag: मुनिः च युधामन्युः निवेदयति ।	मुनिः|NOUN च|CONJ युधामन्युः|NOUN निवेदयति|VERB ।|SYM
tag: अशक्तः शङ्खाः गच्छति ।	अशक्तः|ADJ शङ्खाः|NOUN गच्छति|VERB ।|SYM
tag: ताः अशोकः जल्पति ।	ताः|PRON अशोकः|NOUN जल्पति|VERB ।|SYM
tag: द्रौपदेयाः धर्मः उवाच ।	द्रौपदेयाः|NOUN धर्मः|NOUN उवाच|VERB ।|SYM
tag: सञ्जय वचनम् गायति ।	सञ्जय|NOUN वचनम्|NOUN गायति|VERB ।|SYM
tag: क्षेत्रम् द्वेष्टि ।	क्षेत्रम्|NOUN द्वेष्टि|VERB ।|SYM
tag: वनम् ब्रह्मा ताडयति ।	वनम्|NOUN ब्रह्मा|NOUN ताडयति|VERB ।|SYM
tag: व्यूढाम् रक्षकाः दृश्यते ।	व्यूढाम्|ADJ रक्षकाः|NOUN दृश्यते|VERB ।|SYM
tag: अत्र नारायणं प्रादुरासीत् ।	अत्र|ADV नारायणं|NOUN प्रादुरासीत्|VERB ।|SYM
tag: धर्मक्षेत्रे समानः अस्ति ।	धर्मक्षेत्रे|NOUN समानः|ADJ अस्ति|VERB ।|SYM
tag: अप्रशस्तः सत्यम् विमृशति ।	अप्रशस्तः|ADJ सत्यम्|NOUN विमृशति|VERB ।|SYM
tag: सत्यम् च रामः चिन्तयति ।	सत्यम्|NOUN च|CONJ रामः|NOUN चिन्तयति|VERB ।|SYM
tag: तस्य धर्मः नमस्कृत्य ।	तस्य|PRON धर्मः|NOUN नमस्कृत्य|VERB ।|SYM
tag: द्रुपदपुत्रेण सर्वः बुभूषति ।	द्रुपदपुत्रेण|NOUN सर्वः|ADJ बुभूषति|VERB ।|SYM
tag: कर्म च जीवानाम् विनद्य ।	कर्म|NOUN च|CONJ जीवानाम्|NOUN विनद्य|VERB ।|SYM
tag: एते निगच्छति ।	एते|PRON निगच्छति|VERB ।|SYM
tag: धर्मक्षेत्रे घोड़ा अवलोकयति ।	धर्मक्षेत्रे|NOUN घोड़ा|NOUN अवलोकयति|VERB ।|SYM
tag: महेशः उत्तमः जगाद ।	महेशः|NOUN उत्तमः|ADJ जगाद|VERB ।|SYM
tag: असौ भवतु ।	असौ|PRON भवतु|VERB ।|SYM
tag: कः आनन्दः दृश्यते ।	कः|PRON आनन्दः|NOUN दृश्यते|VERB ।|SYM
tag: मनुष्यः च पुस्तकम् जल्पति ।	मनुष्यः|NOUN च|CONJ पुस्तकम्|NOUN जल्पति|VERB ।|SYM
tag: श्रेयः खेलामः ।	श्रेयः|NOUN खेलामः|VERB ।|SYM
tag: सत्यम् सुतं दध्मौ ।	सत्यम्|NOUN सुतं|NOUN दध्मौ|VERB ।|SYM
tag: तुमुलः श्रेयः निगच्छति ।	तुमुलः|ADJ श्रेयः|NOUN निगच्छति|VERB ।|SYM
tag: सर्वत्र पुरुजित् शिक्षते ।	सर्वत्र|ADV पुरुजित्|NOUN शिक्षते|VERB ।|SYM
tag: मन्त्री कुरुवृद्धः विचारयति ।	मन्त्री|NOUN कुरुवृद्धः|NOUN विचारयति|VERB ।|SYM
tag: तुमुलः महेशः गायति ।	तुमुलः|ADJ महेशः|NOUN गायति|VERB ।|SYM
tag: घोड़ा सत्यम् बोधयति ।	घोड़ा|NOUN सत्यम्|NOUN बोधयति|VERB ।|SYM
tag: अस्थि च मित्रम् समीक्षते ।	अस्थि|NOUN च|CONJ मित्रम्|NOUN समीक्षते|VERB ।|SYM
tag: कर्म उवाच ।	कर्म|NOUN उवाच|VERB ।|SYM
tag: तया कल्पः आगच्छति ।	तया|PRON कल्पः|NOUN आगच्छति|VERB ।|SYM
tag: यत्र कुर्ता नमस्कृत्य ।	यत्र|ADV कुर्ता|NOUN नमस्कृत्य|VERB ।|SYM
tag: व्यापारी कोमलः मारयति ।	व्यापारी|NOUN कोमलः|ADJ मारयति|VERB ।|SYM
tag: ब्रह्मन् श्रेयः निबोध ।	ब्रह्मन्|NOUN श्रेयः|NOUN निबोध|VERB ।|SYM
tag: बलवान् नारायणं भाषते ।	बलवान्|ADJ नारायणं|NOUN भाषते|VERB ।|SYM
tag: शङ्खम् प्रहरति ।	शङ्खम्|NOUN प्रहरति|VERB ।|SYM
tag: जीवानाम् कार्यालयः ब्रवीमि ।	जीवानाम्|NOUN कार्यालयः|NOUN ब्रवीमि|VERB ।|SYM
tag: राज्ञः मृदुः अस्ति ।	राज्ञः|NOUN मृदुः|ADJ अस्ति|VERB ।|SYM
tag: सा मार्गः अभवत् ।	सा|PRON मार्गः|NOUN अभवत्|VERB ।|SYM
tag: भीष्मम् पितरौ प्रहरति ।	भीष्मम्|NOUN पितरौ|NOUN प्रहरति|VERB ।|SYM
tag: घोड़ा युद्धविशारदाः करोति ।	घोड़ा|NOUN युद्धविशारदाः|ADJ करोति|VERB ।|SYM
tag: कस्मिंश्चित् नगरे व्यापारी नाम धनवान् आसीत् । स च सर्वेषाम् व्यापारिणाम् श्रेष्ठः आसीत् । तस्य च पुत्रः एकः आसीत् । स च पितुः शिक्षायाम् निरतः आसीत् ।	कस्मिंश्चित्|PRON नगरे|NOUN व्यापारी|NOUN नाम|NOUN धनवान्|ADJ आसीत्|VERB ।|SYM स|PRON च|CONJ सर्वेषाम्|PRON व्यापारिणाम्|NOUN श्रेष्ठः|ADJ आसीत्|VERB ।|SYM तस्य|PRON च|CONJ पुत्रः|NOUN एकः|ADJ आसीत्|VERB ।|SYM स|PRON च|CONJ पितुः|NOUN शिक्षायाम्|NOUN निरतः|ADJ आसीत्|VERB ।|SYM
tag: कमरबन्दः सूचयति ।	कमरबन्दः|NOUN सूचयति|VERB ।|SYM
tag: शिक्षायाम् पिता बुभूषति ।	शिक्षायाम्|NOUN पिता|NOUN बुभूषति|VERB ।|SYM
tag: अत्र गंगा घोषयति ।	अत्र|ADV गंगा|NOUN घोषयति|VERB ।|SYM
tag: इह कर्माणि वदति ।	इह|ADV कर्माणि|NOUN वदति|VERB ।|SYM
tag: प्रतापवान् एकम् पश्यति ।	प्रतापवान्|ADJ एकम्|NOUN पश्यति|VERB ।|SYM
tag: वृक्षः मूलम् अभवत् ।	वृक्षः|NOUN मूलम्|NOUN अभवत्|VERB ।|SYM
tag: अयनेषु च सर्वेषु यथाभागम् अवस्थिताः । भीष्मम् एव अभिरक्षन्तु भवन्तः सर्वे एव हि ॥	अयनेषु|NOUN च|CONJ सर्वेषु|ADJ यथाभागम्|ADV अवस्थिताः|ADJ ।|SYM भीष्मम्|NOUN एव|PART अभिरक्षन्तु|VERB भवन्तः|PRON सर्वे|PRON एव|PART हि|PART ॥|SYM
tag: काशी गच्छति ।	काशी|NOUN गच्छति|VERB ।|SYM
tag: ब्रह्मन् कपिशः बुभूषति ।	ब्रह्मन्|NOUN कपिशः|NOUN बुभूषति|VERB ।|SYM
tag: उत्तमः हनुमान् समीक्षते ।	उत्तमः|ADJ हनुमान्|NOUN समीक्षते|VERB ।|SYM
tag: अन्नम् ब्रवीमि ।	अन्नम्|NOUN ब्रवीमि|VERB ।|SYM
tag: कोऽपि असत्यम् अवलोकयति ।	कोऽपि|PRON असत्यम्|NOUN अवलोकयति|VERB ।|SYM
tag: मनोहरः सेवायाम् स्मरति ।	मनोहरः|ADJ सेवायाम्|NOUN स्मरति|VERB ।|SYM
tag: गंगा च जीवानाम् शिक्षते ।	गंगा|NOUN च|CONJ जीवानाम्|NOUN शिक्षते|VERB ।|SYM
tag: चन्द्रः च चमूम् विमृशति ।	चन्द्रः|NOUN च|CONJ चमूम्|NOUN विमृशति|VERB ।|SYM
tag: हृदयम् अन्यायः अस्ति ।	हृदयम्|NOUN अन्यायः|NOUN अस्ति|VERB ।|SYM
tag: वाल्मीकिः च असत्यम् समीक्षते ।	वाल्मीकिः|NOUN च|CONJ असत्यम्|NOUN समीक्षते|VERB ।|SYM
tag: उपनिषत् प्रादुरासीत् ।	उपनिषत्|NOUN प्रादुरासीत्|VERB ।|SYM
tag: मूल्यवान् फलम् विमृशति ।	मूल्यवान्|ADJ फलम्|NOUN विमृशति|VERB ।|SYM
tag: इयम् आगच्छति ।	इयम्|PRON आगच्छति|VERB ।|SYM
tag: एतेषाम् पिबति ।	एतेषाम्|PRON पिबति|VERB ।|SYM
tag: नगरम् द्रुपदपुत्रेण युध्यति ।	नगरम्|NOUN द्रुपदपुत्रेण|NOUN युध्यति|VERB ।|SYM
tag: अयनेषु च महेशः भाषते ।	अयनेषु|NOUN च|CONJ महेशः|NOUN भाषते|VERB ।|SYM
tag: स्थिरः युयुधानः प्रकाशयति ।	स्थिरः|ADJ युयुधानः|NOUN प्रकाशयति|VERB ।|SYM
tag: नरं नमस्कृत्य ।	नरं|NOUN नमस्कृत्य|VERB ।|SYM
tag: पितृ पुत्रः प्रादुरासीत् ।	पितृ|NOUN पुत्रः|NOUN प्रादुरासीत्|VERB ।|SYM
tag: सञ्जय चिन्तयति ।	सञ्जय|NOUN चिन्तयति|VERB ।|SYM
tag: अर्जुनः सन्ति ।	अर्जुनः|NOUN सन्ति|VERB ।|SYM
tag: किमपि कुर्वत ।	किमपि|PRON कुर्वत|VERB ।|SYM
tag: अन्ये कर्म स्थापयति ।	अन्ये|PRON कर्म|NOUN स्थापयति|VERB ।|SYM
tag: हनुमान् बभूव ।	हनुमान्|NOUN बभूव|VERB ।|SYM
tag: तया सिंहः वसति ।	तया|PRON सिंहः|NOUN वसति|VERB ।|SYM
tag: तं ताडयति ।	तं|PRON ताडयति|VERB ।|SYM
tag: द्वारम् ज्ञानम् निरीक्षते ।	द्वारम्|NOUN ज्ञानम्|NOUN निरीक्षते|VERB ।|SYM
tag: मृदुः महाभारतम् ब्रवीमि ।	मृदुः|ADJ महाभारतम्|NOUN ब्रवीमि|VERB ।|SYM
tag: द्रुपदः स्मरति ।	द्रुपदः|NOUN स्मरति|VERB ।|SYM
tag: पितृ उपदिशति ।	पितृ|NOUN उपदिशति|VERB ।|SYM
tag: सर्वेषु वृक्षः अभवत् ।	सर्वेषु|ADJ वृक्षः|NOUN अभवत्|VERB ।|SYM
tag: अयोध्या क्षिप्रः खादति ।	अयोध्या|NOUN क्षिप्रः|ADJ खादति|VERB ।|SYM
tag: चन्द्रः उत्तमः नमस्कृत्य ।	चन्द्रः|NOUN उत्तमः|ADJ नमस्कृत्य|VERB ।|SYM
tag: त्वया सञ्जय सन्ति ।	त्वया|PRON सञ्जय|NOUN सन्ति|VERB ।|SYM
tag: द्वारम् वसति ।	द्वारम्|NOUN वसति|VERB ।|SYM
tag: पुनः जलम् वसति ।	पुनः|ADV जलम्|NOUN वसति|VERB ।|SYM
tag: ऋषिकेशः काशी गच्छति ।	ऋषिकेशः|NOUN काशी|NOUN गच्छति|VERB ।|SYM
tag: मूर्खः शिष्येण निगच्छति ।	मूर्खः|ADJ शिष्येण|NOUN निगच्छति|VERB ।|SYM
tag: तेन मन्यते ।	तेन|PRON मन्यते|VERB ।|SYM
tag: तेन शक्नोति ।	तेन|PRON शक्नोति|VERB ।|SYM
tag: सहसा नाम खादति ।	सहसा|ADV नाम|NOUN खादति|VERB ।|SYM
tag: विष्णुः नदी ब्रवीमि ।	विष्णुः|NOUN नदी|NOUN ब्रवीमि|VERB ।|SYM
tag: युधामन्युः च सेवायाम् चिन्तयति ।	युधामन्युः|NOUN च|CONJ सेवायाम्|NOUN चिन्तयति|VERB ।|SYM
tag: अस्थि च विष्णुः स्थापयति ।	अस्थि|NOUN च|CONJ विष्णुः|NOUN स्थापयति|VERB ।|SYM
tag: रामः नाम उवाच ।	रामः|NOUN नाम|NOUN उवाच|VERB ।|SYM
tag: क्षेत्रम् च स्त्री प्रकाशयति ।	क्षेत्रम्|NOUN च|CONJ स्त्री|NOUN प्रकाशयति|VERB ।|SYM
tag: ऋषीणाम् क्षिप्रः श्रावयामास ।	ऋषीणाम्|NOUN क्षिप्रः|ADJ श्रावयामास|VERB ।|SYM
tag: लघुः कविर्मुनिः खेलामः ।	लघुः|ADJ कविर्मुनिः|NOUN खेलामः|VERB ।|SYM
tag: भीमार्जुनसमाः रामः शिक्षते ।	भीमार्जुनसमाः|ADJ रामः|NOUN शिक्षते|VERB ।|SYM
tag: वेतालः च नारायणं भविष्यति ।	वेतालः|NOUN च|CONJ नारायणं|NOUN भविष्यति|VERB ।|SYM
tag: वेदः च इन्जिनियरः भविष्यति ।	वेदः|NOUN च|CONJ इन्जिनियरः|NOUN भविष्यति|VERB ।|SYM
tag: अर्थः धृतराष्ट्र विनद्य ।	अर्थः|NOUN धृतराष्ट्र|NOUN विनद्य|VERB ।|SYM
tag: कदाचित् नरं मारयति ।	कदाचित्|ADV नरं|NOUN मारयति|VERB ।|SYM
tag: महेशः च आनन्दः समीक्षते ।	महेशः|NOUN च|CONJ आनन्दः|NOUN समीक्षते|VERB ।|SYM
tag: मदर्थे अर्थः नमस्कृत्य ।	मदर्थे|ADV अर्थः|NOUN नमस्कृत्य|VERB ।|SYM
tag: अयम् धर्मक्षेत्रे मन्यते ।	अयम्|PRON धर्मक्षेत्रे|NOUN मन्यते|VERB ।|SYM
tag: प्रतिभाशाली हर्षम् दध्मौ ।	प्रतिभाशाली|ADJ हर्षम्|NOUN दध्मौ|VERB ।|SYM
tag: ते संगच्छति ।	ते|PRON संगच्छति|VERB ।|SYM
tag: भवान् भीष्मः च कर्णः च कृपः च समितिञ्जयः । अश्वत्थामा विकर्णः च सौमदत्तिः तथा एव च ॥	भवान्|PRON भीष्मः|NOUN च|CONJ कर्णः|NOUN च|CONJ कृपः|NOUN च|CONJ समितिञ्जयः|NOUN ।|SYM अश्वत्थामा|NOUN विकर्णः|NOUN च|CONJ सौमदत्तिः|NOUN तथा|PART एव|PART च|CONJ ॥|SYM
tag: ज्ञानम् च शास्त्राणाम् पश्यति ।	ज्ञानम्|NOUN च|CONJ शास्त्राणाम्|NOUN पश्यति|VERB ।|SYM
tag: तत्तत् कुर्वत ।	तत्तत्|PRON कुर्वत|VERB ।|SYM
tag: मनुष्यः व्यापारिणाम् निगच्छति ।	मनुष्यः|NOUN व्यापारिणाम्|NOUN निगच्छति|VERB ।|SYM
tag: अस्माकम् तु विशिष्टाः ये तान् निबोध द्विजोत्तम । नायकाः मम सैन्यस्य संज्ञार्थम् तान् ब्रवीमि ते ॥	अस्माकम्|PRON तु|PART विशिष्टाः|ADJ ये|PRON तान्|PRON निबोध|VERB द्विजोत्तम|NOUN ।|SYM नायकाः|NOUN मम|PRON सैन्यस्य|NOUN संज्ञार्थम्|ADV तान्|PRON ब्रवीमि|VERB ते|PRON ॥|SYM
tag: बृहत् पितृ अभवत् ।	बृहत्|ADJ पितृ|NOUN अभवत्|VERB ।|SYM
tag: चतुरः कमरबन्दः करोति ।	चतुरः|ADJ कमरबन्दः|NOUN करोति|VERB ।|SYM
tag: अन्यायः कुरुवृद्धः दिदृक्षते ।	अन्यायः|NOUN कुरुवृद्धः|NOUN दिदृक्षते|VERB ।|SYM
tag: पुरुषः तुमुलः कामयते ।	पुरुषः|NOUN तुमुलः|ADJ कामयते|VERB ।|SYM
tag: संज्ञार्थम् नरपुङ्गवः वदति ।	संज्ञार्थम्|ADV नरपुङ्गवः|NOUN वदति|VERB ।|SYM
tag: पुरातनः वाजश्रवाः भवति ।	पुरातनः|ADJ वाजश्रवाः|NOUN भवति|VERB ।|SYM
tag: कर्माणि कपिशः समीक्षते ।	कर्माणि|NOUN कपिशः|NOUN समीक्षते|VERB ।|SYM
tag: किसानः पणवानकगोमुखाः आगच्छति ।	किसानः|NOUN पणवानकगोमुखाः|NOUN आगच्छति|VERB ।|SYM
tag: अन्ये च बहवः शूराः मदर्थे त्यक्तजीविताः । नानाशस्त्रप्रहरणाः सर्वे युद्धविशारदाः ॥	अन्ये|PRON च|CONJ बहवः|ADJ शूराः|NOUN मदर्थे|ADV त्यक्तजीविताः|ADJ ।|SYM नानाशस्त्रप्रहरणाः|ADJ सर्वे|PRON युद्धविशारदाः|ADJ ॥|SYM
tag: उत्तमः ज्ञानम् विमृशति ।	उत्तमः|ADJ ज्ञानम्|NOUN विमृशति|VERB ।|SYM
tag: एषः शङ्खाः कामयते ।	एषः|PRON शङ्खाः|NOUN कामयते|VERB ।|SYM
tag: मार्गः कामयते ।	मार्गः|NOUN कामयते|VERB ।|SYM
tag: महेष्वासाः काशी मारयति ।	महेष्वासाः|ADJ काशी|NOUN मारयति|VERB ।|SYM
tag: ब्रह्मा अभ्यहन्यन्त ।	ब्रह्मा|NOUN अभ्यहन्यन्त|VERB ।|SYM
tag: कुन्तिभोजः श्रावयामास ।	कुन्तिभोजः|NOUN श्रावयामास|VERB ।|SYM
tag: नरपुङ्गवः सिंहनादम् अभ्यहन्यन्त ।	नरपुङ्गवः|NOUN सिंहनादम्|NOUN अभ्यहन्यन्त|VERB ।|SYM
tag: पिता अस्ति ।	पिता|NOUN अस्ति|VERB ।|SYM
tag: ज्ञानम् भाषते ।	ज्ञानम्|NOUN भाषते|VERB ।|SYM
tag: देवाः भुङ्क्ते ।	देवाः|NOUN भुङ्क्ते|VERB ।|SYM
tag: शिष्यः वचनम् वदति ।	शिष्यः|NOUN वचनम्|NOUN वदति|VERB ।|SYM
tag: यानि दिदृक्षते ।	यानि|PRON दिदृक्षते|VERB ।|SYM
tag: औषधम् मुनिः भाषते ।	औषधम्|NOUN मुनिः|NOUN भाषते|VERB ।|SYM
tag: शीघ्रम् अस्थि निन्दति ।	शीघ्रम्|ADV अस्थि|NOUN निन्दति|VERB ।|SYM
tag: वाजश्रवसः रक्ष्यते ।	वाजश्रवसः|NOUN रक्ष्यते|VERB ।|SYM
tag: अन्ततः वाजश्रवाः पठति ।	अन्ततः|ADV वाजश्रवाः|NOUN पठति|VERB ।|SYM
tag: एतानि निवेदयति ।	एतानि|PRON निवेदयति|VERB ।|SYM
tag: असत्यम् अभवत् ।	असत्यम्|NOUN अभवत्|VERB ।|SYM
tag: किसानः अयोध्या निरीक्षते ।	किसानः|NOUN अयोध्या|NOUN निरीक्षते|VERB ।|SYM
tag: तत्तत् हृदयम् दध्मौ ।	तत्तत्|PRON हृदयम्|NOUN दध्मौ|VERB ।|SYM
tag: नवीनः शास्त्राणाम् उवाच ।	नवीनः|ADJ शास्त्राणाम्|NOUN उवाच|VERB ।|SYM
tag: हनुमान् नदी भवतु ।	हनुमान्|NOUN नदी|NOUN भवतु|VERB ।|SYM
tag: महान् नारायणं भवति ।	महान्|ADJ नारायणं|NOUN भवति|VERB ।|SYM
tag: तीक्ष्णः किसानः कुर्वत ।	तीक्ष्णः|ADJ किसानः|NOUN कुर्वत|VERB ।|SYM
tag: यावत् अयनेषु सूचयति ।	यावत्|ADV अयनेषु|NOUN सूचयति|VERB ।|SYM
tag: गंगा ददति ।	गंगा|NOUN ददति|VERB ।|SYM
tag: बुद्धिमान् वेदः बोधयति ।	बुद्धिमान्|ADJ वेदः|NOUN बोधयति|VERB ।|SYM
tag: महेष्वासाः काशी नमस्कृत्य ।	महेष्वासाः|ADJ काशी|NOUN नमस्कृत्य|VERB ।|SYM
tag: वेगवान् राज्ञाम् विमृशति ।	वेगवान्|ADJ राज्ञाम्|NOUN विमृशति|VERB ।|SYM
tag: ततः पुरुषः मन्यते ।	ततः|ADV पुरुषः|NOUN मन्यते|VERB ।|SYM
tag: पिता कालः बभूव ।	पिता|NOUN कालः|NOUN बभूव|VERB ।|SYM
tag: वनम् धर्मक्षेत्रे जानाति ।	वनम्|NOUN धर्मक्षेत्रे|NOUN जानाति|VERB ।|SYM
tag: पाण्डुपुत्राणाम् कथयति ।	पाण्डुपुत्राणाम्|NOUN कथयति|VERB ।|SYM
tag: नरं अल्पः अवलोकयति ।	नरं|NOUN अल्पः|ADJ अवलोकयति|VERB ।|SYM
tag: कृष्णः अतिशीतः द्वेष्टि ।	कृष्णः|NOUN अतिशीतः|ADJ द्वेष्टि|VERB ।|SYM
tag: महेष्वासाः ऋषीणाम् स्मरति ।	महेष्वासाः|ADJ ऋषीणाम्|NOUN स्मरति|VERB ।|SYM
tag: पुरातनः वचनम् जल्पति ।	पुरातनः|ADJ वचनम्|NOUN जल्पति|VERB ।|SYM
tag: सर्वे अस्ति ।	सर्वे|PRON अस्ति|VERB ।|SYM
tag: कृष्णा व्यासं शिक्षते ।	कृष्णा|NOUN व्यासं|NOUN शिक्षते|VERB ।|SYM
tag: पुरुजित् गंगा वदति ।	पुरुजित्|NOUN गंगा|NOUN वदति|VERB ।|SYM
tag: इदम् निवेदयति ।	इदम्|PRON निवेदयति|VERB ।|SYM
tag: मित्रम् बहवः प्रहरति ।	मित्रम्|NOUN बहवः|ADJ प्रहरति|VERB ।|SYM
tag: कन्याकुब्जा च शिष्येण पश्यति ।	कन्याकुब्जा|NOUN च|CONJ शिष्येण|NOUN पश्यति|VERB ।|SYM
tag: शीतः कन्याकुब्जा शृणोति ।	शीतः|ADJ कन्याकुब्जा|NOUN शृणोति|VERB ।|SYM
tag: पाणिनिः च रक्षकाः श्रावयामास ।	पाणिनिः|NOUN च|CONJ रक्षकाः|NOUN श्रावयामास|VERB ।|SYM
tag: सिंहनादम् दिदृक्षते ।	सिंहनादम्|NOUN दिदृक्षते|VERB ।|SYM
tag: शास्त्राणाम् गरमः निरीक्षते ।	शास्त्राणाम्|NOUN गरमः|ADJ निरीक्षते|VERB ।|SYM
tag: इयम् नदी शक्नोति ।	इयम्|PRON नदी|NOUN शक्नोति|VERB ।|SYM
tag: भूमिः अल्पः करोति ।	भूमिः|NOUN अल्पः|ADJ करोति|VERB ।|SYM
tag: तत्तत् सत्त्वम् अभ्यहन्यन्त ।	तत्तत्|PRON सत्त्वम्|NOUN अभ्यहन्यन्त|VERB ।|SYM
tag: सर्वेषाम् निरीक्षते ।	सर्वेषाम्|PRON निरीक्षते|VERB ।|SYM
tag: मूल्यवान् अयोध्या गायति ।	मूल्यवान्|ADJ अयोध्या|NOUN गायति|VERB ।|SYM
tag: राजा अभ्यहन्यन्त ।	राजा|NOUN अभ्यहन्यन्त|VERB ।|SYM
tag: वृद्धः कालवित् भाषते ।	वृद्धः|ADJ कालवित्|NOUN भाषते|VERB ।|SYM
tag: पुनः सिंहः आगच्छति ।	पुनः|ADV सिंहः|NOUN आगच्छति|VERB ।|SYM
tag: किम् अभवत् ।	किम्|PRON अभवत्|VERB ।|SYM
tag: अन्यायः भूमिः दृश्यते ।	अन्यायः|NOUN भूमिः|NOUN दृश्यते|VERB ।|SYM
tag: एषा सेवायाम् वसति ।	एषा|PRON सेवायाम्|NOUN वसति|VERB ।|SYM
tag: उच्चैः वचनम् शिक्षते ।	उच्चैः|ADV वचनम्|NOUN शिक्षते|VERB ।|SYM
tag: कामः सम्पन्नः निन्दति ।	कामः|NOUN सम्पन्नः|ADJ निन्दति|VERB ।|SYM
tag: मन्दम् पणवानकगोमुखाः जगाद ।	मन्दम्|ADV पणवानकगोमुखाः|NOUN जगाद|VERB ।|SYM
tag: वनम् कार्यान्तरे मारयति ।	वनम्|NOUN कार्यान्तरे|NOUN मारयति|VERB ।|SYM
tag: नदी ग्रामः खादति ।	नदी|NOUN ग्रामः|NOUN खादति|VERB ।|SYM
tag: सदा सिंहः श्रुत्वा ।	सदा|ADV सिंहः|NOUN श्रुत्वा|VERB ।|SYM
tag: वाल्मीकिः निगच्छति ।	वाल्मीकिः|NOUN निगच्छति|VERB ।|SYM
tag: क्षेत्रम् वीर्यवान् निन्दति ।	क्षेत्रम्|NOUN वीर्यवान्|ADJ निन्दति|VERB ।|SYM
tag: सर्वेषाम् पाणिनिः प्रोक्तः ।	सर्वेषाम्|PRON पाणिनिः|NOUN प्रोक्तः|VERB ।|SYM
tag: व्यापारी अधिकः शिक्षते ।	व्यापारी|NOUN अधिकः|ADJ शिक्षते|VERB ।|SYM
tag: आचार्यम् बोधयति ।	आचार्यम्|NOUN बोधयति|VERB ।|SYM
tag: पुनः विद्यालयः गायति ।	पुनः|ADV विद्यालयः|NOUN गायति|VERB ।|SYM
tag: वाजश्रवाः च पुरुजित् विनद्य ।	वाजश्रवाः|NOUN च|CONJ पुरुजित्|NOUN विनद्य|VERB ।|SYM
tag: वेतालः भवतु ।	वेतालः|NOUN भवतु|VERB ।|SYM
tag: इन्जिनियरः कनिष्ठः खेलामः ।	इन्जिनियरः|NOUN कनिष्ठः|ADJ खेलामः|VERB ।|SYM
tag: यः विचारयति ।	यः|PRON विचारयति|VERB ।|SYM
tag: सूर्यः च द्रौपदेयाः ताडयति ।	सूर्यः|NOUN च|CONJ द्रौपदेयाः|NOUN ताडयति|VERB ।|SYM
tag: रुचिकरः काशी निबोध ।	रुचिकरः|ADJ काशी|NOUN निबोध|VERB ।|SYM
tag: कृष्णा च सत्यम् ब्रवीमि ।	कृष्णा|NOUN च|CONJ सत्यम्|NOUN ब्रवीमि|VERB ।|SYM
tag: नायकाः व्यूढम् दध्मौ ।	नायकाः|NOUN व्यूढम्|ADJ दध्मौ|VERB ।|SYM
tag: ज्येष्ठः शुकं द्वेष्टि ।	ज्येष्ठः|ADJ शुकं|NOUN द्वेष्टि|VERB ।|SYM
tag: सिंहः पितृ द्वेष्टि ।	सिंहः|NOUN पितृ|NOUN द्वेष्टि|VERB ।|SYM
tag: आनन्दः अभवत् ।	आनन्दः|NOUN अभवत्|VERB ।|SYM
tag: अद्य व्यासं उवाच ।	अद्य|ADV व्यासं|NOUN उवाच|VERB ।|SYM
tag: कार्यालयः वाजश्रवाः भुङ्क्ते ।	कार्यालयः|NOUN वाजश्रवाः|NOUN भुङ्क्ते|VERB ।|SYM
tag: स शास्त्राणाम् बुभूषति ।	स|PRON शास्त्राणाम्|NOUN बुभूषति|VERB ।|SYM
tag: मनुष्यः श्रेयः निगच्छति ।	मनुष्यः|NOUN श्रेयः|NOUN निगच्छति|VERB ।|SYM
tag: ऋषिकेशः विशालः प्रादुरासीत् ।	ऋषिकेशः|NOUN विशालः|ADJ प्रादुरासीत्|VERB ।|SYM
tag: पिता च ब्रह्मन् निरीक्षते ।	पिता|NOUN च|CONJ ब्रह्मन्|NOUN निरीक्षते|VERB ।|SYM
tag: नारायणं नमस्कृत्य नरं च नारायणं देवं । वाल्मीकिः कविर्मुनिः प्रादुरासीत् । तस्य ब्रह्मा यथा वाक्यम् जगाद । हे ब्रह्मन् भवतः श्रेयः भविष्यति ।	नारायणं|NOUN नमस्कृत्य|VERB नरं|NOUN च|CONJ नारायणं|NOUN देवं|NOUN ।|SYM वाल्मीकिः|NOUN कविर्मुनिः|NOUN प्रादुरासीत्|VERB ।|SYM तस्य|PRON ब्रह्मा|NOUN यथा|ADV वाक्यम्|NOUN जगाद|VERB ।|SYM हे|INTJ ब्रह्मन्|NOUN भवतः|PRON श्रेयः|NOUN भविष्यति|VERB ।|SYM
tag: आकाशः च वाक्यम् बभूव ।	आकाशः|NOUN च|CONJ वाक्यम्|NOUN बभूव|VERB ।|SYM
tag: तत्तत् सौभद्रः निबोध ।	तत्तत्|PRON सौभद्रः|NOUN निबोध|VERB ।|SYM
tag: कविर्मुनिः धीमान् समीक्षते ।	कविर्मुनिः|NOUN धीमान्|ADJ समीक्षते|VERB ।|SYM
tag: कुन्तिभोजः धीमता जल्पति ।	कुन्तिभोजः|NOUN धीमता|ADJ जल्पति|VERB ।|SYM
tag: सैन्यस्य अश्वः श्रावयामास ।	सैन्यस्य|NOUN अश्वः|NOUN श्रावयामास|VERB ।|SYM
tag: कापि श्रुत्वा ।	कापि|PRON श्रुत्वा|VERB ।|SYM
tag: कृष्णा उपदेशः विनद्य ।	कृष्णा|NOUN उपदेशः|NOUN विनद्य|VERB ।|SYM
tag: या विराटः चिन्तयति ।	या|PRON विराटः|NOUN चिन्तयति|VERB ।|SYM
tag: अर्जुन प्रहरति ।	अर्जुन|NOUN प्रहरति|VERB ।|SYM
